{
  "testId" : "1-mobileunos.gspec",
  "name" : "mobileUnos.gspec",
  "report" : {
    "nodes" : [ {
      "name" : "Mutation test",
      "status" : "info",
      "nodes" : [ {
        "name" : "check  mobileUnos.gspec --url http://localhost/unos.html --size 450x600 --offset 5 --htmlreport mutation-mobileUnos",
        "status" : "info",
        "nodes" : [ {
          "name" : "Check layout: mobileUnos.gspec included tags: ",
          "status" : "info",
          "time" : 1573681608021,
          "sections" : [ {
            "name" : "Main section",
            "place" : {
              "filePath" : "mobileUnos.gspec",
              "lineNumber" : 24
            },
            "objects" : [ {
              "name" : "meni",
              "specs" : [ {
                "status" : "info",
                "place" : {
                  "filePath" : "mobileUnos.gspec",
                  "lineNumber" : 26
                },
                "name" : "above sadrzaj",
                "meta" : [ {
                  "from" : {
                    "object" : "meni",
                    "edge" : "bottom"
                  },
                  "to" : {
                    "object" : "sadrzaj",
                    "edge" : "top"
                  },
                  "expectedDistance" : ">= 0px",
                  "realDistance" : "5px"
                } ],
                "highlight" : [ "meni", "sadrzaj" ]
              }, {
                "status" : "info",
                "place" : {
                  "filePath" : "mobileUnos.gspec",
                  "lineNumber" : 27
                },
                "name" : "width = 100 % of meni/width",
                "meta" : [ {
                  "from" : {
                    "object" : "meni",
                    "edge" : "left"
                  },
                  "to" : {
                    "object" : "meni",
                    "edge" : "right"
                  },
                  "expectedDistance" : "100% [300px]",
                  "realDistance" : "100% [300px]"
                } ],
                "highlight" : [ "meni" ]
              }, {
                "status" : "info",
                "place" : {
                  "filePath" : "mobileUnos.gspec",
                  "lineNumber" : 28
                },
                "name" : "height 130 to 150px",
                "meta" : [ {
                  "from" : {
                    "object" : "meni",
                    "edge" : "top"
                  },
                  "to" : {
                    "object" : "meni",
                    "edge" : "bottom"
                  },
                  "expectedDistance" : "130 to 150px",
                  "realDistance" : "140px"
                } ],
                "highlight" : [ "meni" ]
              } ]
            }, {
              "name" : "sadrzaj",
              "specs" : [ {
                "status" : "info",
                "place" : {
                  "filePath" : "mobileUnos.gspec",
                  "lineNumber" : 31
                },
                "name" : "below meni 5 to 10 px",
                "meta" : [ {
                  "from" : {
                    "object" : "sadrzaj",
                    "edge" : "top"
                  },
                  "to" : {
                    "object" : "meni",
                    "edge" : "bottom"
                  },
                  "expectedDistance" : "5 to 10px",
                  "realDistance" : "5px"
                } ],
                "highlight" : [ "sadrzaj", "meni" ]
              }, {
                "status" : "info",
                "place" : {
                  "filePath" : "mobileUnos.gspec",
                  "lineNumber" : 32
                },
                "name" : "contains labela, input1, input2,input3, input4",
                "highlight" : [ "sadrzaj", "labela", "input1", "input2", "input3", "input4" ]
              } ]
            }, {
              "name" : "input1",
              "specs" : [ {
                "status" : "info",
                "place" : {
                  "filePath" : "mobileUnos.gspec",
                  "lineNumber" : 35
                },
                "name" : "inside sadrzaj",
                "meta" : [ ],
                "highlight" : [ "input1", "sadrzaj" ]
              }, {
                "status" : "info",
                "place" : {
                  "filePath" : "mobileUnos.gspec",
                  "lineNumber" : 36
                },
                "name" : "below labela",
                "meta" : [ {
                  "from" : {
                    "object" : "input1",
                    "edge" : "top"
                  },
                  "to" : {
                    "object" : "labela",
                    "edge" : "bottom"
                  },
                  "expectedDistance" : ">= 0px",
                  "realDistance" : "0px"
                } ],
                "highlight" : [ "input1", "labela" ]
              } ]
            }, {
              "name" : "logo",
              "specs" : [ {
                "status" : "info",
                "place" : {
                  "filePath" : "mobileUnos.gspec",
                  "lineNumber" : 40
                },
                "name" : "inside partly meni -45px top",
                "meta" : [ {
                  "from" : {
                    "object" : "logo",
                    "edge" : "top"
                  },
                  "to" : {
                    "object" : "meni",
                    "edge" : "top"
                  },
                  "expectedDistance" : "-45px",
                  "realDistance" : "-45px"
                } ],
                "highlight" : [ "logo", "meni" ]
              }, {
                "status" : "info",
                "place" : {
                  "filePath" : "mobileUnos.gspec",
                  "lineNumber" : 41
                },
                "name" : "centered horizontally inside meni",
                "highlight" : [ "logo", "meni" ]
              } ]
            }, {
              "name" : "input2",
              "specs" : [ {
                "status" : "info",
                "place" : {
                  "filePath" : "mobileUnos.gspec",
                  "lineNumber" : 44
                },
                "name" : "below labela",
                "meta" : [ {
                  "from" : {
                    "object" : "input2",
                    "edge" : "top"
                  },
                  "to" : {
                    "object" : "labela",
                    "edge" : "bottom"
                  },
                  "expectedDistance" : ">= 0px",
                  "realDistance" : "52px"
                } ],
                "highlight" : [ "input2", "labela" ]
              } ]
            }, {
              "name" : "input3",
              "specs" : [ {
                "status" : "info",
                "place" : {
                  "filePath" : "mobileUnos.gspec",
                  "lineNumber" : 47
                },
                "name" : "below labela",
                "meta" : [ {
                  "from" : {
                    "object" : "input3",
                    "edge" : "top"
                  },
                  "to" : {
                    "object" : "labela",
                    "edge" : "bottom"
                  },
                  "expectedDistance" : ">= 0px",
                  "realDistance" : "121px"
                } ],
                "highlight" : [ "input3", "labela" ]
              } ]
            } ]
          } ],
          "objects" : {
            "meni" : {
              "area" : [ 100, 60, 300, 140 ]
            },
            "input4" : {
              "area" : [ 240, 457, 55, 22 ]
            },
            "input3" : {
              "area" : [ 139, 379, 173, 19 ]
            },
            "input2" : {
              "area" : [ 139, 310, 173, 19 ]
            },
            "input1" : {
              "area" : [ 139, 258, 173, 19 ]
            },
            "logo" : {
              "area" : [ 205, 15, 90, 90 ]
            },
            "labela" : {
              "area" : [ 139, 226, 156, 32 ]
            },
            "sadrzaj" : {
              "area" : [ 100, 205, 300, 297 ]
            }
          },
          "screenshot" : "layout-1-screenshot.png",
          "type" : "layout"
        }, {
          "name" : "Mutation testing: mobileUnos.gspec included tags: ",
          "status" : "error",
          "time" : 1573681608021,
          "mutationReport" : {
            "objectMutationStatistics" : {
              "meni" : {
                "passed" : 10,
                "failed" : 0,
                "failedMutations" : [ ]
              },
              "input4" : {
                "passed" : 0,
                "failed" : 10,
                "failedMutations" : [ "input4: drag left by 5px", "input4: drag right by 5px", "input4: drag top by 5px", "input4: drag down by 5px", "input4: increase width by 5px", "input4: decrease width by 5px", "input4: increase height by 5px", "input4: decrease height by 5px", "input4: move left edge right by 5px", "input4: move top edge down by 5px" ]
              },
              "input3" : {
                "passed" : 0,
                "failed" : 10,
                "failedMutations" : [ "input3: drag left by 5px", "input3: drag right by 5px", "input3: drag top by 5px", "input3: drag down by 5px", "input3: increase width by 5px", "input3: decrease width by 5px", "input3: increase height by 5px", "input3: decrease height by 5px", "input3: move left edge right by 5px", "input3: move top edge down by 5px" ]
              },
              "input2" : {
                "passed" : 0,
                "failed" : 10,
                "failedMutations" : [ "input2: drag left by 5px", "input2: drag right by 5px", "input2: drag top by 5px", "input2: drag down by 5px", "input2: increase width by 5px", "input2: decrease width by 5px", "input2: increase height by 5px", "input2: decrease height by 5px", "input2: move left edge right by 5px", "input2: move top edge down by 5px" ]
              },
              "input1" : {
                "passed" : 1,
                "failed" : 9,
                "failedMutations" : [ "input1: drag left by 5px", "input1: drag right by 5px", "input1: drag down by 5px", "input1: increase width by 5px", "input1: decrease width by 5px", "input1: increase height by 5px", "input1: decrease height by 5px", "input1: move left edge right by 5px", "input1: move top edge down by 5px" ]
              },
              "logo" : {
                "passed" : 8,
                "failed" : 2,
                "failedMutations" : [ "logo: increase height by 5px", "logo: decrease height by 5px" ]
              },
              "labela" : {
                "passed" : 2,
                "failed" : 8,
                "failedMutations" : [ "labela: drag left by 5px", "labela: drag right by 5px", "labela: drag top by 5px", "labela: increase width by 5px", "labela: decrease width by 5px", "labela: decrease height by 5px", "labela: move left edge right by 5px", "labela: move top edge down by 5px" ]
              },
              "sadrzaj" : {
                "passed" : 1,
                "failed" : 9,
                "failedMutations" : [ "sadrzaj: drag left by 5px", "sadrzaj: drag right by 5px", "sadrzaj: drag down by 5px", "sadrzaj: increase width by 5px", "sadrzaj: decrease width by 5px", "sadrzaj: increase height by 5px", "sadrzaj: decrease height by 5px", "sadrzaj: move left edge right by 5px", "sadrzaj: move top edge down by 5px" ]
              }
            },
            "totalPassed" : 22,
            "totalFailed" : 58,
            "totalMutations" : 80,
            "failedRatio" : 72.5
          },
          "type" : "mutation"
        } ],
        "time" : 1573681604122,
        "type" : "node"
      } ],
      "time" : 1573681597716,
      "type" : "node"
    } ]
  }
}