{
  "testId" : "1-mobilesale.gspec",
  "name" : "mobileSale.gspec",
  "report" : {
    "nodes" : [ {
      "name" : "Mutation test",
      "status" : "info",
      "nodes" : [ {
        "name" : "check  mobileSale.gspec --url http://localhost/sale.html --size 450x600 --offset 5 --htmlreport mutation-mobileSale",
        "status" : "info",
        "nodes" : [ {
          "name" : "Check layout: mobileSale.gspec included tags: ",
          "status" : "info",
          "time" : 1573681728484,
          "sections" : [ {
            "name" : "Main section",
            "place" : {
              "filePath" : "mobileSale.gspec",
              "lineNumber" : 26
            },
            "objects" : [ {
              "name" : "okvir",
              "specs" : [ {
                "status" : "info",
                "place" : {
                  "filePath" : "mobileSale.gspec",
                  "lineNumber" : 28
                },
                "name" : "contains sadrzaj",
                "highlight" : [ "okvir", "sadrzaj" ]
              } ]
            }, {
              "name" : "meni",
              "specs" : [ {
                "status" : "info",
                "place" : {
                  "filePath" : "mobileSale.gspec",
                  "lineNumber" : 30
                },
                "name" : "above sadrzaj",
                "meta" : [ {
                  "from" : {
                    "object" : "meni",
                    "edge" : "bottom"
                  },
                  "to" : {
                    "object" : "sadrzaj",
                    "edge" : "top"
                  },
                  "expectedDistance" : ">= 0px",
                  "realDistance" : "4px"
                } ],
                "highlight" : [ "meni", "sadrzaj" ]
              }, {
                "status" : "info",
                "place" : {
                  "filePath" : "mobileSale.gspec",
                  "lineNumber" : 31
                },
                "name" : "contains meni_item-*",
                "highlight" : [ "meni", "meni_item-1", "meni_item-2", "meni_item-3", "meni_item-4", "meni_item-5" ]
              }, {
                "status" : "info",
                "place" : {
                  "filePath" : "mobileSale.gspec",
                  "lineNumber" : 32
                },
                "name" : "width = 100 % of meni/width",
                "meta" : [ {
                  "from" : {
                    "object" : "meni",
                    "edge" : "left"
                  },
                  "to" : {
                    "object" : "meni",
                    "edge" : "right"
                  },
                  "expectedDistance" : "100% [289px]",
                  "realDistance" : "100% [289px]"
                } ],
                "highlight" : [ "meni" ]
              }, {
                "status" : "info",
                "place" : {
                  "filePath" : "mobileSale.gspec",
                  "lineNumber" : 33
                },
                "name" : "height 140 to 150px",
                "meta" : [ {
                  "from" : {
                    "object" : "meni",
                    "edge" : "top"
                  },
                  "to" : {
                    "object" : "meni",
                    "edge" : "bottom"
                  },
                  "expectedDistance" : "140 to 150px",
                  "realDistance" : "140px"
                } ],
                "highlight" : [ "meni" ]
              } ]
            }, {
              "name" : "sadrzaj",
              "specs" : [ {
                "status" : "info",
                "place" : {
                  "filePath" : "mobileSale.gspec",
                  "lineNumber" : 36
                },
                "name" : "below meni 3 to 10 px",
                "meta" : [ {
                  "from" : {
                    "object" : "sadrzaj",
                    "edge" : "top"
                  },
                  "to" : {
                    "object" : "meni",
                    "edge" : "bottom"
                  },
                  "expectedDistance" : "3 to 10px",
                  "realDistance" : "4px"
                } ],
                "highlight" : [ "sadrzaj", "meni" ]
              }, {
                "status" : "info",
                "place" : {
                  "filePath" : "mobileSale.gspec",
                  "lineNumber" : 37
                },
                "name" : "contains tabela",
                "highlight" : [ "sadrzaj", "tabela" ]
              } ]
            }, {
              "name" : "tabela",
              "specs" : [ {
                "status" : "info",
                "place" : {
                  "filePath" : "mobileSale.gspec",
                  "lineNumber" : 40
                },
                "name" : "centered all inside sadrzaj",
                "highlight" : [ "tabela", "sadrzaj" ]
              }, {
                "status" : "info",
                "place" : {
                  "filePath" : "mobileSale.gspec",
                  "lineNumber" : 41
                },
                "name" : "contains kancelarija, sala, slobodna, zauzeta",
                "highlight" : [ "tabela", "kancelarija", "sala", "slobodna", "zauzeta" ]
              } ]
            }, {
              "name" : "global",
              "specs" : [ {
                "status" : "info",
                "place" : {
                  "filePath" : "mobileSale.gspec",
                  "lineNumber" : 46
                },
                "name" : "count any meni_item-* is 5",
                "highlight" : [ "meni_item-1", "meni_item-5", "meni_item-4", "meni_item-3", "meni_item-2" ]
              } ]
            }, {
              "name" : "logo",
              "specs" : [ {
                "status" : "info",
                "place" : {
                  "filePath" : "mobileSale.gspec",
                  "lineNumber" : 49
                },
                "name" : "inside partly meni -45px top",
                "meta" : [ {
                  "from" : {
                    "object" : "logo",
                    "edge" : "top"
                  },
                  "to" : {
                    "object" : "meni",
                    "edge" : "top"
                  },
                  "expectedDistance" : "-45px",
                  "realDistance" : "-45px"
                } ],
                "highlight" : [ "logo", "meni" ]
              }, {
                "status" : "info",
                "place" : {
                  "filePath" : "mobileSale.gspec",
                  "lineNumber" : 50
                },
                "name" : "centered horizontally inside meni",
                "highlight" : [ "logo", "meni" ]
              } ]
            }, {
              "name" : "slobodna",
              "specs" : [ {
                "status" : "info",
                "place" : {
                  "filePath" : "mobileSale.gspec",
                  "lineNumber" : 53
                },
                "name" : "css background-color is \"rgba(0, 128, 0, 1)\"",
                "highlight" : [ "slobodna" ]
              } ]
            }, {
              "name" : "zauzeta",
              "specs" : [ {
                "status" : "info",
                "place" : {
                  "filePath" : "mobileSale.gspec",
                  "lineNumber" : 56
                },
                "name" : "css background-color is \"rgba(255, 165, 0, 1)\"",
                "highlight" : [ "zauzeta" ]
              } ]
            }, {
              "name" : "kancelarija",
              "specs" : [ {
                "status" : "info",
                "place" : {
                  "filePath" : "mobileSale.gspec",
                  "lineNumber" : 59
                },
                "name" : "css background-color is \"rgba(128, 128, 128, 1)\"",
                "highlight" : [ "kancelarija" ]
              } ]
            } ]
          } ],
          "objects" : {
            "meni" : {
              "area" : [ 96, 60, 289, 140 ]
            },
            "meni_item-1" : {
              "area" : [ 217, 98, 48, 16 ]
            },
            "meni_item-5" : {
              "area" : [ 222, 170, 38, 16 ]
            },
            "okvir" : {
              "area" : [ 0, 60, 483, 502 ]
            },
            "meni_item-4" : {
              "area" : [ 206, 152, 70, 16 ]
            },
            "sadrzaj" : {
              "area" : [ 96, 204, 289, 357 ]
            },
            "meni_item-3" : {
              "area" : [ 225, 134, 32, 16 ]
            },
            "kancelarija" : {
              "area" : [ 163, 293, 38, 37 ]
            },
            "zauzeta" : {
              "area" : [ 125, 219, 38, 37 ]
            },
            "meni_item-2" : {
              "area" : [ 228, 116, 26, 16 ]
            },
            "tabela" : {
              "area" : [ 125, 219, 231, 328 ]
            },
            "sala" : {
              "area" : [ 163, 219, 38, 37 ]
            },
            "logo" : {
              "area" : [ 196, 15, 90, 90 ]
            },
            "slobodna" : {
              "area" : [ 315, 219, 41, 37 ]
            }
          },
          "screenshot" : "layout-1-screenshot.png",
          "type" : "layout"
        }, {
          "name" : "Mutation testing: mobileSale.gspec included tags: ",
          "status" : "info",
          "time" : 1573681728484,
          "mutationReport" : {
            "objectMutationStatistics" : {
              "meni" : {
                "passed" : 10,
                "failed" : 0,
                "failedMutations" : [ ]
              },
              "meni_item-1" : {
                "passed" : 10,
                "failed" : 0,
                "failedMutations" : [ ]
              },
              "meni_item-5" : {
                "passed" : 10,
                "failed" : 0,
                "failedMutations" : [ ]
              },
              "okvir" : {
                "passed" : 10,
                "failed" : 0,
                "failedMutations" : [ ]
              },
              "meni_item-4" : {
                "passed" : 10,
                "failed" : 0,
                "failedMutations" : [ ]
              },
              "sadrzaj" : {
                "passed" : 10,
                "failed" : 0,
                "failedMutations" : [ ]
              },
              "meni_item-3" : {
                "passed" : 10,
                "failed" : 0,
                "failedMutations" : [ ]
              },
              "kancelarija" : {
                "passed" : 10,
                "failed" : 0,
                "failedMutations" : [ ]
              },
              "zauzeta" : {
                "passed" : 10,
                "failed" : 0,
                "failedMutations" : [ ]
              },
              "meni_item-2" : {
                "passed" : 10,
                "failed" : 0,
                "failedMutations" : [ ]
              },
              "tabela" : {
                "passed" : 10,
                "failed" : 0,
                "failedMutations" : [ ]
              },
              "sala" : {
                "passed" : 10,
                "failed" : 0,
                "failedMutations" : [ ]
              },
              "logo" : {
                "passed" : 10,
                "failed" : 0,
                "failedMutations" : [ ]
              },
              "slobodna" : {
                "passed" : 10,
                "failed" : 0,
                "failedMutations" : [ ]
              }
            },
            "totalPassed" : 140,
            "totalFailed" : 0,
            "totalMutations" : 140,
            "failedRatio" : 0.0
          },
          "type" : "mutation"
        } ],
        "time" : 1573681718916,
        "type" : "node"
      } ],
      "time" : 1573681712771,
      "type" : "node"
    } ]
  }
}