{"periodicna":[{"dan":3,"semestar":"zimski","pocetak":"12:00","kraj":"13:00","naziv":"0-05","predavac":"Profesor"},{"dan":2,"semestar":"zimski","pocetak":"13:00","kraj":"14:00","naziv":"0-05","predavac":"Profesor"},{"dan":1,"semestar":"zimski","pocetak":"13:00","kraj":"14:00","naziv":"0-05","predavac":"Profesor"},{"dan":4,"semestar":"zimski","pocetak":"13:00","kraj":"14:00","naziv":"0-05","predavac":"Profesor"}],"vanredna":[{"datum":"05.12.2019","pocetak":"13:00","kraj":"14:00","naziv":"0-05","predavac":"Profesor"},{"datum":"07.12.2019","pocetak":"13:00","kraj":"14:00","naziv":"0-01","predavac":"Profesor"},{"datum":"04.12.2019","pocetak":"14:00","kraj":"12:00","naziv":"0-01","predavac":"Profesor"},{"datum":"13.12.2019","pocetak":"13:00","kraj":"14:00","naziv":"0-01","predavac":"Profesor"},{"datum":"01.12.2019","pocetak":"13:00","kraj":"14:00","naziv":"0-01","predavac":"Profesor"}]}