{
  "testId" : "1-rezervacija.gspec",
  "name" : "rezervacija.gspec",
  "report" : {
    "nodes" : [ {
      "name" : "Simple check",
      "status" : "info",
      "nodes" : [ {
        "name" : "check  rezervacija.gspec --url http://localhost/rezervacija.html --size 1024x768 --htmlreport izvjestajRezervacija",
        "status" : "info",
        "nodes" : [ {
          "name" : "Check layout: rezervacija.gspec included tags: ",
          "status" : "info",
          "time" : 1573653861134,
          "sections" : [ {
            "name" : "Main section",
            "place" : {
              "filePath" : "rezervacija.gspec",
              "lineNumber" : 17
            },
            "objects" : [ {
              "name" : "meni",
              "specs" : [ {
                "status" : "info",
                "place" : {
                  "filePath" : "rezervacija.gspec",
                  "lineNumber" : 19
                },
                "name" : "above sadrzaj",
                "meta" : [ {
                  "from" : {
                    "object" : "meni",
                    "edge" : "bottom"
                  },
                  "to" : {
                    "object" : "sadrzaj",
                    "edge" : "top"
                  },
                  "expectedDistance" : ">= 0px",
                  "realDistance" : "33px"
                } ],
                "highlight" : [ "meni", "sadrzaj" ]
              }, {
                "status" : "info",
                "place" : {
                  "filePath" : "rezervacija.gspec",
                  "lineNumber" : 20
                },
                "name" : "height 55 to 65px",
                "meta" : [ {
                  "from" : {
                    "object" : "meni",
                    "edge" : "top"
                  },
                  "to" : {
                    "object" : "meni",
                    "edge" : "bottom"
                  },
                  "expectedDistance" : "55 to 65px",
                  "realDistance" : "59px"
                } ],
                "highlight" : [ "meni" ]
              }, {
                "status" : "info",
                "place" : {
                  "filePath" : "rezervacija.gspec",
                  "lineNumber" : 21
                },
                "name" : "inside screen 45 to 50px top",
                "meta" : [ {
                  "from" : {
                    "object" : "meni",
                    "edge" : "top"
                  },
                  "to" : {
                    "object" : "screen",
                    "edge" : "top"
                  },
                  "expectedDistance" : "45 to 50px",
                  "realDistance" : "48px"
                } ],
                "highlight" : [ "meni", "screen" ]
              }, {
                "status" : "info",
                "place" : {
                  "filePath" : "rezervacija.gspec",
                  "lineNumber" : 22
                },
                "name" : "centered horizontally inside screen",
                "highlight" : [ "meni", "screen" ]
              } ]
            }, {
              "name" : "meni-lista",
              "specs" : [ {
                "status" : "info",
                "place" : {
                  "filePath" : "rezervacija.gspec",
                  "lineNumber" : 24
                },
                "name" : "inside screen 7 to 12px left",
                "meta" : [ {
                  "from" : {
                    "object" : "meni-lista",
                    "edge" : "left"
                  },
                  "to" : {
                    "object" : "screen",
                    "edge" : "left"
                  },
                  "expectedDistance" : "7 to 12px",
                  "realDistance" : "8px"
                } ],
                "highlight" : [ "meni-lista", "screen" ]
              }, {
                "status" : "info",
                "place" : {
                  "filePath" : "rezervacija.gspec",
                  "lineNumber" : 25
                },
                "name" : "css font-family starts \"Arial\"",
                "highlight" : [ "meni-lista" ]
              }, {
                "status" : "info",
                "place" : {
                  "filePath" : "rezervacija.gspec",
                  "lineNumber" : 26
                },
                "name" : "css font-family ends \"sans-serif\"",
                "highlight" : [ "meni-lista" ]
              }, {
                "status" : "info",
                "place" : {
                  "filePath" : "rezervacija.gspec",
                  "lineNumber" : 27
                },
                "name" : "css font-family contains \"Helvetica\"",
                "highlight" : [ "meni-lista" ]
              }, {
                "status" : "info",
                "place" : {
                  "filePath" : "rezervacija.gspec",
                  "lineNumber" : 28
                },
                "name" : "css font-size is \"14px\"",
                "highlight" : [ "meni-lista" ]
              } ]
            }, {
              "name" : "meni.item-1",
              "specs" : [ {
                "status" : "info",
                "place" : {
                  "filePath" : "rezervacija.gspec",
                  "lineNumber" : 31
                },
                "name" : "left-of meni.item-2 3 to 6px",
                "meta" : [ {
                  "from" : {
                    "object" : "meni.item-1",
                    "edge" : "right"
                  },
                  "to" : {
                    "object" : "meni.item-2",
                    "edge" : "left"
                  },
                  "expectedDistance" : "3 to 6px",
                  "realDistance" : "4px"
                } ],
                "highlight" : [ "meni.item-1", "meni.item-2" ]
              }, {
                "status" : "info",
                "place" : {
                  "filePath" : "rezervacija.gspec",
                  "lineNumber" : 32
                },
                "name" : "aligned horizontally all meni.item-2",
                "highlight" : [ "meni.item-1", "meni.item-2" ]
              } ]
            }, {
              "name" : "meni.item-2",
              "specs" : [ {
                "status" : "info",
                "place" : {
                  "filePath" : "rezervacija.gspec",
                  "lineNumber" : 31
                },
                "name" : "left-of meni.item-3 3 to 6px",
                "meta" : [ {
                  "from" : {
                    "object" : "meni.item-2",
                    "edge" : "right"
                  },
                  "to" : {
                    "object" : "meni.item-3",
                    "edge" : "left"
                  },
                  "expectedDistance" : "3 to 6px",
                  "realDistance" : "4px"
                } ],
                "highlight" : [ "meni.item-2", "meni.item-3" ]
              }, {
                "status" : "info",
                "place" : {
                  "filePath" : "rezervacija.gspec",
                  "lineNumber" : 32
                },
                "name" : "aligned horizontally all meni.item-3",
                "highlight" : [ "meni.item-2", "meni.item-3" ]
              } ]
            }, {
              "name" : "meni.item-3",
              "specs" : [ {
                "status" : "info",
                "place" : {
                  "filePath" : "rezervacija.gspec",
                  "lineNumber" : 31
                },
                "name" : "left-of meni.item-4 3 to 6px",
                "meta" : [ {
                  "from" : {
                    "object" : "meni.item-3",
                    "edge" : "right"
                  },
                  "to" : {
                    "object" : "meni.item-4",
                    "edge" : "left"
                  },
                  "expectedDistance" : "3 to 6px",
                  "realDistance" : "4px"
                } ],
                "highlight" : [ "meni.item-3", "meni.item-4" ]
              }, {
                "status" : "info",
                "place" : {
                  "filePath" : "rezervacija.gspec",
                  "lineNumber" : 32
                },
                "name" : "aligned horizontally all meni.item-4",
                "highlight" : [ "meni.item-3", "meni.item-4" ]
              } ]
            }, {
              "name" : "meni.item-4",
              "specs" : [ {
                "status" : "info",
                "place" : {
                  "filePath" : "rezervacija.gspec",
                  "lineNumber" : 31
                },
                "name" : "left-of meni.item-5 3 to 6px",
                "meta" : [ {
                  "from" : {
                    "object" : "meni.item-4",
                    "edge" : "right"
                  },
                  "to" : {
                    "object" : "meni.item-5",
                    "edge" : "left"
                  },
                  "expectedDistance" : "3 to 6px",
                  "realDistance" : "4px"
                } ],
                "highlight" : [ "meni.item-4", "meni.item-5" ]
              }, {
                "status" : "info",
                "place" : {
                  "filePath" : "rezervacija.gspec",
                  "lineNumber" : 32
                },
                "name" : "aligned horizontally all meni.item-5",
                "highlight" : [ "meni.item-4", "meni.item-5" ]
              } ]
            } ]
          }, {
            "name" : "Logo section",
            "place" : {
              "filePath" : "rezervacija.gspec",
              "lineNumber" : 33
            },
            "objects" : [ {
              "name" : "logo",
              "specs" : [ {
                "status" : "info",
                "place" : {
                  "filePath" : "rezervacija.gspec",
                  "lineNumber" : 35
                },
                "name" : "height 70px",
                "meta" : [ {
                  "from" : {
                    "object" : "logo",
                    "edge" : "top"
                  },
                  "to" : {
                    "object" : "logo",
                    "edge" : "bottom"
                  },
                  "expectedDistance" : "70px",
                  "realDistance" : "70px"
                } ],
                "highlight" : [ "logo" ]
              }, {
                "status" : "info",
                "place" : {
                  "filePath" : "rezervacija.gspec",
                  "lineNumber" : 36
                },
                "name" : "width 70px",
                "meta" : [ {
                  "from" : {
                    "object" : "logo",
                    "edge" : "left"
                  },
                  "to" : {
                    "object" : "logo",
                    "edge" : "right"
                  },
                  "expectedDistance" : "70px",
                  "realDistance" : "70px"
                } ],
                "highlight" : [ "logo" ]
              }, {
                "status" : "info",
                "place" : {
                  "filePath" : "rezervacija.gspec",
                  "lineNumber" : 37
                },
                "name" : "centered horizontally inside screen",
                "highlight" : [ "logo", "screen" ]
              } ]
            }, {
              "name" : "slika",
              "specs" : [ {
                "status" : "info",
                "place" : {
                  "filePath" : "rezervacija.gspec",
                  "lineNumber" : 39
                },
                "name" : "height 100% of logo/height",
                "meta" : [ {
                  "from" : {
                    "object" : "slika",
                    "edge" : "top"
                  },
                  "to" : {
                    "object" : "slika",
                    "edge" : "bottom"
                  },
                  "expectedDistance" : "100% [70px]",
                  "realDistance" : "100% [70px]"
                } ],
                "highlight" : [ "slika" ]
              } ]
            }, {
              "name" : "logoimg",
              "specs" : [ {
                "status" : "info",
                "place" : {
                  "filePath" : "rezervacija.gspec",
                  "lineNumber" : 41
                },
                "name" : "height 65px",
                "meta" : [ {
                  "from" : {
                    "object" : "logoimg",
                    "edge" : "top"
                  },
                  "to" : {
                    "object" : "logoimg",
                    "edge" : "bottom"
                  },
                  "expectedDistance" : "65px",
                  "realDistance" : "65px"
                } ],
                "highlight" : [ "logoimg" ]
              }, {
                "status" : "info",
                "place" : {
                  "filePath" : "rezervacija.gspec",
                  "lineNumber" : 42
                },
                "name" : "width 65px",
                "meta" : [ {
                  "from" : {
                    "object" : "logoimg",
                    "edge" : "left"
                  },
                  "to" : {
                    "object" : "logoimg",
                    "edge" : "right"
                  },
                  "expectedDistance" : "65px",
                  "realDistance" : "65px"
                } ],
                "highlight" : [ "logoimg" ]
              }, {
                "status" : "info",
                "place" : {
                  "filePath" : "rezervacija.gspec",
                  "lineNumber" : 43
                },
                "name" : "centered inside slika",
                "highlight" : [ "logoimg", "slika" ]
              } ]
            } ]
          }, {
            "name" : "Sadrzaj section",
            "place" : {
              "filePath" : "rezervacija.gspec",
              "lineNumber" : 44
            },
            "objects" : [ {
              "name" : "sadrzaj",
              "specs" : [ {
                "status" : "info",
                "place" : {
                  "filePath" : "rezervacija.gspec",
                  "lineNumber" : 46
                },
                "name" : "height 50 to 100% of screen/height",
                "meta" : [ {
                  "from" : {
                    "object" : "sadrzaj",
                    "edge" : "top"
                  },
                  "to" : {
                    "object" : "sadrzaj",
                    "edge" : "bottom"
                  },
                  "expectedDistance" : "50 to 100% [476 to 952px]",
                  "realDistance" : "84% [804px]"
                } ],
                "highlight" : [ "sadrzaj" ]
              }, {
                "status" : "info",
                "place" : {
                  "filePath" : "rezervacija.gspec",
                  "lineNumber" : 47
                },
                "name" : "centered horizontally inside screen",
                "highlight" : [ "sadrzaj", "screen" ]
              } ]
            }, {
              "name" : "labelaRez",
              "specs" : [ {
                "status" : "info",
                "place" : {
                  "filePath" : "rezervacija.gspec",
                  "lineNumber" : 49
                },
                "name" : "width 200px",
                "meta" : [ {
                  "from" : {
                    "object" : "labelaRez",
                    "edge" : "left"
                  },
                  "to" : {
                    "object" : "labelaRez",
                    "edge" : "right"
                  },
                  "expectedDistance" : "200px",
                  "realDistance" : "200px"
                } ],
                "highlight" : [ "labelaRez" ]
              }, {
                "status" : "info",
                "place" : {
                  "filePath" : "rezervacija.gspec",
                  "lineNumber" : 50
                },
                "name" : "css display is \"inline-block\"",
                "highlight" : [ "labelaRez" ]
              }, {
                "status" : "info",
                "place" : {
                  "filePath" : "rezervacija.gspec",
                  "lineNumber" : 51
                },
                "name" : "inside sadrzaj",
                "meta" : [ ],
                "highlight" : [ "labelaRez", "sadrzaj" ]
              } ]
            }, {
              "name" : "pocetak",
              "specs" : [ {
                "status" : "info",
                "place" : {
                  "filePath" : "rezervacija.gspec",
                  "lineNumber" : 53
                },
                "name" : "inside sadrzaj",
                "meta" : [ ],
                "highlight" : [ "pocetak", "sadrzaj" ]
              }, {
                "status" : "info",
                "place" : {
                  "filePath" : "rezervacija.gspec",
                  "lineNumber" : 54
                },
                "name" : "aligned vertically all kraj",
                "highlight" : [ "pocetak", "kraj" ]
              }, {
                "status" : "info",
                "place" : {
                  "filePath" : "rezervacija.gspec",
                  "lineNumber" : 55
                },
                "name" : "aligned vertically all saleIzaberi",
                "highlight" : [ "pocetak", "saleIzaberi" ]
              } ]
            }, {
              "name" : "kraj",
              "specs" : [ {
                "status" : "info",
                "place" : {
                  "filePath" : "rezervacija.gspec",
                  "lineNumber" : 57
                },
                "name" : "inside sadrzaj",
                "meta" : [ ],
                "highlight" : [ "kraj", "sadrzaj" ]
              } ]
            }, {
              "name" : "saleIzaberi",
              "specs" : [ {
                "status" : "info",
                "place" : {
                  "filePath" : "rezervacija.gspec",
                  "lineNumber" : 59
                },
                "name" : "inside sadrzaj",
                "meta" : [ ],
                "highlight" : [ "saleIzaberi", "sadrzaj" ]
              } ]
            }, {
              "name" : "kalendarDiv",
              "specs" : [ {
                "status" : "info",
                "place" : {
                  "filePath" : "rezervacija.gspec",
                  "lineNumber" : 61
                },
                "name" : "centered horizontally inside sadrzaj",
                "highlight" : [ "kalendarDiv", "sadrzaj" ]
              }, {
                "status" : "info",
                "place" : {
                  "filePath" : "rezervacija.gspec",
                  "lineNumber" : 62
                },
                "name" : "css display is \"table\"",
                "highlight" : [ "kalendarDiv" ]
              } ]
            }, {
              "name" : "h1",
              "specs" : [ {
                "status" : "info",
                "place" : {
                  "filePath" : "rezervacija.gspec",
                  "lineNumber" : 64
                },
                "name" : "css text-align is \"left\"",
                "highlight" : [ "h1" ]
              }, {
                "status" : "info",
                "place" : {
                  "filePath" : "rezervacija.gspec",
                  "lineNumber" : 65
                },
                "name" : "css font-family starts \"Arial\"",
                "highlight" : [ "h1" ]
              }, {
                "status" : "info",
                "place" : {
                  "filePath" : "rezervacija.gspec",
                  "lineNumber" : 66
                },
                "name" : "css font-family ends \"sans-serif\"",
                "highlight" : [ "h1" ]
              }, {
                "status" : "info",
                "place" : {
                  "filePath" : "rezervacija.gspec",
                  "lineNumber" : 67
                },
                "name" : "css font-family contains \"Helvetica\"",
                "highlight" : [ "h1" ]
              }, {
                "status" : "info",
                "place" : {
                  "filePath" : "rezervacija.gspec",
                  "lineNumber" : 68
                },
                "name" : "css font-size is \"18px\"",
                "highlight" : [ "h1" ]
              }, {
                "status" : "info",
                "place" : {
                  "filePath" : "rezervacija.gspec",
                  "lineNumber" : 69
                },
                "name" : "css font-weight is \"700\"",
                "highlight" : [ "h1" ]
              }, {
                "status" : "info",
                "place" : {
                  "filePath" : "rezervacija.gspec",
                  "lineNumber" : 70
                },
                "name" : "inside kalendarDiv",
                "meta" : [ ],
                "highlight" : [ "h1", "kalendarDiv" ]
              } ]
            }, {
              "name" : "datum",
              "specs" : [ {
                "status" : "info",
                "place" : {
                  "filePath" : "rezervacija.gspec",
                  "lineNumber" : 72
                },
                "name" : "width 50px",
                "meta" : [ {
                  "from" : {
                    "object" : "datum",
                    "edge" : "left"
                  },
                  "to" : {
                    "object" : "datum",
                    "edge" : "right"
                  },
                  "expectedDistance" : "50px",
                  "realDistance" : "50px"
                } ],
                "highlight" : [ "datum" ]
              } ]
            }, {
              "name" : "dugme",
              "specs" : [ {
                "status" : "info",
                "place" : {
                  "filePath" : "rezervacija.gspec",
                  "lineNumber" : 74
                },
                "name" : "width 150px",
                "meta" : [ {
                  "from" : {
                    "object" : "dugme",
                    "edge" : "left"
                  },
                  "to" : {
                    "object" : "dugme",
                    "edge" : "right"
                  },
                  "expectedDistance" : "150px",
                  "realDistance" : "150px"
                } ],
                "highlight" : [ "dugme" ]
              }, {
                "status" : "info",
                "place" : {
                  "filePath" : "rezervacija.gspec",
                  "lineNumber" : 75
                },
                "name" : "height 50px",
                "meta" : [ {
                  "from" : {
                    "object" : "dugme",
                    "edge" : "top"
                  },
                  "to" : {
                    "object" : "dugme",
                    "edge" : "bottom"
                  },
                  "expectedDistance" : "50px",
                  "realDistance" : "50px"
                } ],
                "highlight" : [ "dugme" ]
              }, {
                "status" : "info",
                "place" : {
                  "filePath" : "rezervacija.gspec",
                  "lineNumber" : 76
                },
                "name" : "css text-align is \"center\"",
                "highlight" : [ "dugme" ]
              }, {
                "status" : "info",
                "place" : {
                  "filePath" : "rezervacija.gspec",
                  "lineNumber" : 77
                },
                "name" : "css display is \"inline-block\"",
                "highlight" : [ "dugme" ]
              }, {
                "status" : "info",
                "place" : {
                  "filePath" : "rezervacija.gspec",
                  "lineNumber" : 78
                },
                "name" : "css font-size is \"16px\"",
                "highlight" : [ "dugme" ]
              }, {
                "status" : "info",
                "place" : {
                  "filePath" : "rezervacija.gspec",
                  "lineNumber" : 79
                },
                "name" : "css margin-top is \"7px\"",
                "highlight" : [ "dugme" ]
              }, {
                "status" : "info",
                "place" : {
                  "filePath" : "rezervacija.gspec",
                  "lineNumber" : 80
                },
                "name" : "inside sadrzaj",
                "meta" : [ ],
                "highlight" : [ "dugme", "sadrzaj" ]
              } ]
            } ]
          } ],
          "objects" : {
            "meni" : {
              "area" : [ 8, 48, 992, 59 ]
            },
            "datum" : {
              "area" : [ 545, 524, 50, 24 ]
            },
            "slika" : {
              "area" : [ 469, 12, 70, 70 ]
            },
            "kraj" : {
              "area" : [ 556, 294, 100, 32 ]
            },
            "saleIzaberi" : {
              "area" : [ 556, 150, 100, 30 ]
            },
            "kalendarDiv" : {
              "area" : [ 217, 369, 573, 513 ]
            },
            "meni.item-1" : {
              "area" : [ 18, 76, 62, 26 ]
            },
            "screen" : {
              "area" : [ 0, 0, 1008, 952 ]
            },
            "meni.item-2" : {
              "area" : [ 84, 76, 38, 26 ]
            },
            "h1" : {
              "area" : [ 222, 386, 563, 58 ]
            },
            "meni-lista" : {
              "area" : [ 8, 81, 992, 26 ]
            },
            "meni.item-5" : {
              "area" : [ 261, 76, 52, 26 ]
            },
            "sadrzaj" : {
              "area" : [ 8, 140, 992, 804 ]
            },
            "meni.item-3" : {
              "area" : [ 126, 76, 43, 26 ]
            },
            "meni.item-4" : {
              "area" : [ 173, 76, 84, 26 ]
            },
            "logoimg" : {
              "area" : [ 471, 14, 65, 65 ]
            },
            "labelaRez" : {
              "area" : [ 351, 156, 200, 19 ]
            },
            "logo" : {
              "area" : [ 469, 12, 70, 70 ]
            },
            "dugme" : {
              "area" : [ 217, 884, 150, 50 ]
            },
            "pocetak" : {
              "area" : [ 556, 243, 100, 32 ]
            }
          },
          "screenshot" : "layout-1-screenshot.png",
          "type" : "layout"
        } ],
        "time" : 1573653853599,
        "type" : "node"
      } ],
      "time" : 1573653846653,
      "type" : "node"
    } ]
  }
}