{
  "testId" : "1-mobilesale.gspec",
  "name" : "mobileSale.gspec",
  "report" : {
    "nodes" : [ {
      "name" : "Mutation test",
      "status" : "info",
      "nodes" : [ {
        "name" : "check  mobileSale.gspec --url http://localhost/sale.html --size 590x768 --offset 5 --htmlreport mutation-report-Mobile-Sale",
        "status" : "info",
        "nodes" : [ {
          "name" : "Check layout: mobileSale.gspec included tags: ",
          "status" : "info",
          "time" : 1573658165174,
          "sections" : [ {
            "name" : "Meni section",
            "place" : {
              "filePath" : "mobileSale.gspec",
              "lineNumber" : 14
            },
            "objects" : [ {
              "name" : "lista",
              "specs" : [ {
                "status" : "info",
                "place" : {
                  "filePath" : "mobileSale.gspec",
                  "lineNumber" : 16
                },
                "name" : "css display is \"block\"",
                "highlight" : [ "lista" ]
              } ]
            }, {
              "name" : "headerSprat",
              "specs" : [ {
                "status" : "info",
                "place" : {
                  "filePath" : "mobileSale.gspec",
                  "lineNumber" : 18
                },
                "name" : "absent",
                "highlight" : [ ]
              } ]
            }, {
              "name" : "headerRedni",
              "specs" : [ {
                "status" : "info",
                "place" : {
                  "filePath" : "mobileSale.gspec",
                  "lineNumber" : 20
                },
                "name" : "absent",
                "highlight" : [ ]
              } ]
            }, {
              "name" : "prviRed",
              "specs" : [ {
                "status" : "info",
                "place" : {
                  "filePath" : "mobileSale.gspec",
                  "lineNumber" : 22
                },
                "name" : "absent",
                "highlight" : [ ]
              } ]
            }, {
              "name" : "drugiRed",
              "specs" : [ {
                "status" : "info",
                "place" : {
                  "filePath" : "mobileSale.gspec",
                  "lineNumber" : 24
                },
                "name" : "absent",
                "highlight" : [ ]
              } ]
            } ]
          } ],
          "objects" : {
            "lista" : {
              "area" : [ 18, 81, 548, 26 ]
            }
          },
          "screenshot" : "layout-1-screenshot.png",
          "type" : "layout"
        }, {
          "name" : "Mutation testing: mobileSale.gspec included tags: ",
          "status" : "info",
          "time" : 1573658165174,
          "mutationReport" : {
            "objectMutationStatistics" : {
              "lista" : {
                "passed" : 10,
                "failed" : 0,
                "failedMutations" : [ ]
              },
              "headerSprat" : {
                "passed" : 10,
                "failed" : 0,
                "failedMutations" : [ ]
              },
              "drugiRed" : {
                "passed" : 10,
                "failed" : 0,
                "failedMutations" : [ ]
              },
              "headerRedni" : {
                "passed" : 10,
                "failed" : 0,
                "failedMutations" : [ ]
              },
              "prviRed" : {
                "passed" : 10,
                "failed" : 0,
                "failedMutations" : [ ]
              }
            },
            "totalPassed" : 50,
            "totalFailed" : 0,
            "totalMutations" : 50,
            "failedRatio" : 0.0
          },
          "type" : "mutation"
        } ],
        "time" : 1573658162755,
        "type" : "node"
      } ],
      "time" : 1573658156152,
      "type" : "node"
    } ]
  }
}