{
  "testId" : "1-mobilesale.gspec",
  "name" : "mobileSale.gspec",
  "report" : {
    "nodes" : [ {
      "name" : "Simple check",
      "status" : "info",
      "nodes" : [ {
        "name" : "check  mobileSale.gspec --url http://localhost/sale.html --size 450x700 --htmlreport mobileSale",
        "status" : "info",
        "nodes" : [ {
          "name" : "Check layout: mobileSale.gspec included tags: ",
          "status" : "info",
          "time" : 1573663574810,
          "sections" : [ {
            "name" : "Main section",
            "place" : {
              "filePath" : "mobileSale.gspec",
              "lineNumber" : 26
            },
            "objects" : [ {
              "name" : "okvir",
              "specs" : [ {
                "status" : "info",
                "place" : {
                  "filePath" : "mobileSale.gspec",
                  "lineNumber" : 28
                },
                "name" : "contains sadrzaj",
                "highlight" : [ "okvir", "sadrzaj" ]
              } ]
            }, {
              "name" : "meni",
              "specs" : [ {
                "status" : "info",
                "place" : {
                  "filePath" : "mobileSale.gspec",
                  "lineNumber" : 30
                },
                "name" : "above sadrzaj",
                "meta" : [ {
                  "from" : {
                    "object" : "meni",
                    "edge" : "bottom"
                  },
                  "to" : {
                    "object" : "sadrzaj",
                    "edge" : "top"
                  },
                  "expectedDistance" : ">= 0px",
                  "realDistance" : "5px"
                } ],
                "highlight" : [ "meni", "sadrzaj" ]
              }, {
                "status" : "info",
                "place" : {
                  "filePath" : "mobileSale.gspec",
                  "lineNumber" : 31
                },
                "name" : "contains meni_item-*",
                "highlight" : [ "meni", "meni_item-1", "meni_item-2", "meni_item-3", "meni_item-4", "meni_item-5" ]
              }, {
                "status" : "info",
                "place" : {
                  "filePath" : "mobileSale.gspec",
                  "lineNumber" : 32
                },
                "name" : "width = 100 % of meni/width",
                "meta" : [ {
                  "from" : {
                    "object" : "meni",
                    "edge" : "left"
                  },
                  "to" : {
                    "object" : "meni",
                    "edge" : "right"
                  },
                  "expectedDistance" : "100% [300px]",
                  "realDistance" : "100% [300px]"
                } ],
                "highlight" : [ "meni" ]
              }, {
                "status" : "info",
                "place" : {
                  "filePath" : "mobileSale.gspec",
                  "lineNumber" : 33
                },
                "name" : "height 140 to 150px",
                "meta" : [ {
                  "from" : {
                    "object" : "meni",
                    "edge" : "top"
                  },
                  "to" : {
                    "object" : "meni",
                    "edge" : "bottom"
                  },
                  "expectedDistance" : "140 to 150px",
                  "realDistance" : "140px"
                } ],
                "highlight" : [ "meni" ]
              } ]
            }, {
              "name" : "sadrzaj",
              "specs" : [ {
                "status" : "info",
                "place" : {
                  "filePath" : "mobileSale.gspec",
                  "lineNumber" : 36
                },
                "name" : "below meni 3 to 10 px",
                "meta" : [ {
                  "from" : {
                    "object" : "sadrzaj",
                    "edge" : "top"
                  },
                  "to" : {
                    "object" : "meni",
                    "edge" : "bottom"
                  },
                  "expectedDistance" : "3 to 10px",
                  "realDistance" : "5px"
                } ],
                "highlight" : [ "sadrzaj", "meni" ]
              }, {
                "status" : "info",
                "place" : {
                  "filePath" : "mobileSale.gspec",
                  "lineNumber" : 37
                },
                "name" : "contains tabela",
                "highlight" : [ "sadrzaj", "tabela" ]
              } ]
            }, {
              "name" : "tabela",
              "specs" : [ {
                "status" : "info",
                "place" : {
                  "filePath" : "mobileSale.gspec",
                  "lineNumber" : 40
                },
                "name" : "centered all inside sadrzaj",
                "highlight" : [ "tabela", "sadrzaj" ]
              }, {
                "status" : "info",
                "place" : {
                  "filePath" : "mobileSale.gspec",
                  "lineNumber" : 41
                },
                "name" : "contains kancelarija, sala, slobodna, zauzeta",
                "highlight" : [ "tabela", "kancelarija", "sala", "slobodna", "zauzeta" ]
              } ]
            }, {
              "name" : "global",
              "specs" : [ {
                "status" : "info",
                "place" : {
                  "filePath" : "mobileSale.gspec",
                  "lineNumber" : 46
                },
                "name" : "count any meni_item-* is 5",
                "highlight" : [ "meni_item-1", "meni_item-5", "meni_item-4", "meni_item-3", "meni_item-2" ]
              } ]
            }, {
              "name" : "logo",
              "specs" : [ {
                "status" : "info",
                "place" : {
                  "filePath" : "mobileSale.gspec",
                  "lineNumber" : 49
                },
                "name" : "inside partly meni -45px top",
                "meta" : [ {
                  "from" : {
                    "object" : "logo",
                    "edge" : "top"
                  },
                  "to" : {
                    "object" : "meni",
                    "edge" : "top"
                  },
                  "expectedDistance" : "-45px",
                  "realDistance" : "-45px"
                } ],
                "highlight" : [ "logo", "meni" ]
              }, {
                "status" : "info",
                "place" : {
                  "filePath" : "mobileSale.gspec",
                  "lineNumber" : 50
                },
                "name" : "centered horizontally inside meni",
                "highlight" : [ "logo", "meni" ]
              } ]
            }, {
              "name" : "slobodna",
              "specs" : [ {
                "status" : "info",
                "place" : {
                  "filePath" : "mobileSale.gspec",
                  "lineNumber" : 53
                },
                "name" : "css background-color is \"rgba(0, 128, 0, 1)\"",
                "highlight" : [ "slobodna" ]
              } ]
            }, {
              "name" : "zauzeta",
              "specs" : [ {
                "status" : "info",
                "place" : {
                  "filePath" : "mobileSale.gspec",
                  "lineNumber" : 56
                },
                "name" : "css background-color is \"rgba(255, 165, 0, 1)\"",
                "highlight" : [ "zauzeta" ]
              } ]
            }, {
              "name" : "kancelarija",
              "specs" : [ {
                "status" : "info",
                "place" : {
                  "filePath" : "mobileSale.gspec",
                  "lineNumber" : 59
                },
                "name" : "css background-color is \"rgba(128, 128, 128, 1)\"",
                "highlight" : [ "kancelarija" ]
              } ]
            } ]
          } ],
          "objects" : {
            "meni" : {
              "area" : [ 100, 60, 300, 140 ]
            },
            "meni_item-1" : {
              "area" : [ 226, 100, 48, 16 ]
            },
            "meni_item-5" : {
              "area" : [ 230, 172, 38, 16 ]
            },
            "okvir" : {
              "area" : [ 0, 60, 500, 503 ]
            },
            "meni_item-4" : {
              "area" : [ 214, 154, 70, 16 ]
            },
            "sadrzaj" : {
              "area" : [ 100, 205, 300, 358 ]
            },
            "meni_item-3" : {
              "area" : [ 234, 136, 32, 16 ]
            },
            "kancelarija" : {
              "area" : [ 169, 294, 39, 37 ]
            },
            "zauzeta" : {
              "area" : [ 130, 220, 39, 37 ]
            },
            "meni_item-2" : {
              "area" : [ 237, 118, 26, 16 ]
            },
            "tabela" : {
              "area" : [ 130, 220, 240, 328 ]
            },
            "sala" : {
              "area" : [ 169, 220, 39, 37 ]
            },
            "logo" : {
              "area" : [ 205, 15, 90, 90 ]
            },
            "slobodna" : {
              "area" : [ 328, 220, 42, 37 ]
            }
          },
          "screenshot" : "layout-1-screenshot.png",
          "type" : "layout"
        } ],
        "time" : 1573663571213,
        "type" : "node"
      } ],
      "time" : 1573663564488,
      "type" : "node"
    } ]
  }
}