{
  "testId" : "1-sale.gspec",
  "name" : "sale.gspec",
  "report" : {
    "nodes" : [ {
      "name" : "Simple check",
      "status" : "info",
      "nodes" : [ {
        "name" : "check  sale.gspec --url http://localhost/sale.html --size 1024x768 --htmlreport izvjestajSale",
        "status" : "info",
        "nodes" : [ {
          "name" : "Check layout: sale.gspec included tags: ",
          "status" : "info",
          "time" : 1573647741329,
          "sections" : [ {
            "name" : "Main section",
            "place" : {
              "filePath" : "sale.gspec",
              "lineNumber" : 19
            },
            "objects" : [ {
              "name" : "meni",
              "specs" : [ {
                "status" : "info",
                "place" : {
                  "filePath" : "sale.gspec",
                  "lineNumber" : 21
                },
                "name" : "above sadrzaj",
                "meta" : [ {
                  "from" : {
                    "object" : "meni",
                    "edge" : "bottom"
                  },
                  "to" : {
                    "object" : "sadrzaj",
                    "edge" : "top"
                  },
                  "expectedDistance" : ">= 0px",
                  "realDistance" : "33px"
                } ],
                "highlight" : [ "meni", "sadrzaj" ]
              }, {
                "status" : "info",
                "place" : {
                  "filePath" : "sale.gspec",
                  "lineNumber" : 22
                },
                "name" : "height 55 to 65px",
                "meta" : [ {
                  "from" : {
                    "object" : "meni",
                    "edge" : "top"
                  },
                  "to" : {
                    "object" : "meni",
                    "edge" : "bottom"
                  },
                  "expectedDistance" : "55 to 65px",
                  "realDistance" : "59px"
                } ],
                "highlight" : [ "meni" ]
              }, {
                "status" : "info",
                "place" : {
                  "filePath" : "sale.gspec",
                  "lineNumber" : 23
                },
                "name" : "inside screen 45 to 50px top",
                "meta" : [ {
                  "from" : {
                    "object" : "meni",
                    "edge" : "top"
                  },
                  "to" : {
                    "object" : "screen",
                    "edge" : "top"
                  },
                  "expectedDistance" : "45 to 50px",
                  "realDistance" : "48px"
                } ],
                "highlight" : [ "meni", "screen" ]
              }, {
                "status" : "info",
                "place" : {
                  "filePath" : "sale.gspec",
                  "lineNumber" : 24
                },
                "name" : "centered horizontally inside screen",
                "highlight" : [ "meni", "screen" ]
              } ]
            }, {
              "name" : "meni-lista",
              "specs" : [ {
                "status" : "info",
                "place" : {
                  "filePath" : "sale.gspec",
                  "lineNumber" : 26
                },
                "name" : "inside screen 7 to 12px left",
                "meta" : [ {
                  "from" : {
                    "object" : "meni-lista",
                    "edge" : "left"
                  },
                  "to" : {
                    "object" : "screen",
                    "edge" : "left"
                  },
                  "expectedDistance" : "7 to 12px",
                  "realDistance" : "8px"
                } ],
                "highlight" : [ "meni-lista", "screen" ]
              }, {
                "status" : "info",
                "place" : {
                  "filePath" : "sale.gspec",
                  "lineNumber" : 27
                },
                "name" : "css font-family starts \"Arial\"",
                "highlight" : [ "meni-lista" ]
              }, {
                "status" : "info",
                "place" : {
                  "filePath" : "sale.gspec",
                  "lineNumber" : 28
                },
                "name" : "css font-family ends \"sans-serif\"",
                "highlight" : [ "meni-lista" ]
              }, {
                "status" : "info",
                "place" : {
                  "filePath" : "sale.gspec",
                  "lineNumber" : 29
                },
                "name" : "css font-family contains \"Helvetica\"",
                "highlight" : [ "meni-lista" ]
              }, {
                "status" : "info",
                "place" : {
                  "filePath" : "sale.gspec",
                  "lineNumber" : 30
                },
                "name" : "css font-size is \"14px\"",
                "highlight" : [ "meni-lista" ]
              } ]
            }, {
              "name" : "meni.item-1",
              "specs" : [ {
                "status" : "info",
                "place" : {
                  "filePath" : "sale.gspec",
                  "lineNumber" : 33
                },
                "name" : "left-of meni.item-2 3 to 6px",
                "meta" : [ {
                  "from" : {
                    "object" : "meni.item-1",
                    "edge" : "right"
                  },
                  "to" : {
                    "object" : "meni.item-2",
                    "edge" : "left"
                  },
                  "expectedDistance" : "3 to 6px",
                  "realDistance" : "4px"
                } ],
                "highlight" : [ "meni.item-1", "meni.item-2" ]
              }, {
                "status" : "info",
                "place" : {
                  "filePath" : "sale.gspec",
                  "lineNumber" : 34
                },
                "name" : "aligned horizontally all meni.item-2",
                "highlight" : [ "meni.item-1", "meni.item-2" ]
              } ]
            }, {
              "name" : "meni.item-2",
              "specs" : [ {
                "status" : "info",
                "place" : {
                  "filePath" : "sale.gspec",
                  "lineNumber" : 33
                },
                "name" : "left-of meni.item-3 3 to 6px",
                "meta" : [ {
                  "from" : {
                    "object" : "meni.item-2",
                    "edge" : "right"
                  },
                  "to" : {
                    "object" : "meni.item-3",
                    "edge" : "left"
                  },
                  "expectedDistance" : "3 to 6px",
                  "realDistance" : "4px"
                } ],
                "highlight" : [ "meni.item-2", "meni.item-3" ]
              }, {
                "status" : "info",
                "place" : {
                  "filePath" : "sale.gspec",
                  "lineNumber" : 34
                },
                "name" : "aligned horizontally all meni.item-3",
                "highlight" : [ "meni.item-2", "meni.item-3" ]
              } ]
            }, {
              "name" : "meni.item-3",
              "specs" : [ {
                "status" : "info",
                "place" : {
                  "filePath" : "sale.gspec",
                  "lineNumber" : 33
                },
                "name" : "left-of meni.item-4 3 to 6px",
                "meta" : [ {
                  "from" : {
                    "object" : "meni.item-3",
                    "edge" : "right"
                  },
                  "to" : {
                    "object" : "meni.item-4",
                    "edge" : "left"
                  },
                  "expectedDistance" : "3 to 6px",
                  "realDistance" : "4px"
                } ],
                "highlight" : [ "meni.item-3", "meni.item-4" ]
              }, {
                "status" : "info",
                "place" : {
                  "filePath" : "sale.gspec",
                  "lineNumber" : 34
                },
                "name" : "aligned horizontally all meni.item-4",
                "highlight" : [ "meni.item-3", "meni.item-4" ]
              } ]
            }, {
              "name" : "meni.item-4",
              "specs" : [ {
                "status" : "info",
                "place" : {
                  "filePath" : "sale.gspec",
                  "lineNumber" : 33
                },
                "name" : "left-of meni.item-5 3 to 6px",
                "meta" : [ {
                  "from" : {
                    "object" : "meni.item-4",
                    "edge" : "right"
                  },
                  "to" : {
                    "object" : "meni.item-5",
                    "edge" : "left"
                  },
                  "expectedDistance" : "3 to 6px",
                  "realDistance" : "4px"
                } ],
                "highlight" : [ "meni.item-4", "meni.item-5" ]
              }, {
                "status" : "info",
                "place" : {
                  "filePath" : "sale.gspec",
                  "lineNumber" : 34
                },
                "name" : "aligned horizontally all meni.item-5",
                "highlight" : [ "meni.item-4", "meni.item-5" ]
              } ]
            } ]
          }, {
            "name" : "Logo section",
            "place" : {
              "filePath" : "sale.gspec",
              "lineNumber" : 35
            },
            "objects" : [ {
              "name" : "logo",
              "specs" : [ {
                "status" : "info",
                "place" : {
                  "filePath" : "sale.gspec",
                  "lineNumber" : 37
                },
                "name" : "height 70px",
                "meta" : [ {
                  "from" : {
                    "object" : "logo",
                    "edge" : "top"
                  },
                  "to" : {
                    "object" : "logo",
                    "edge" : "bottom"
                  },
                  "expectedDistance" : "70px",
                  "realDistance" : "70px"
                } ],
                "highlight" : [ "logo" ]
              }, {
                "status" : "info",
                "place" : {
                  "filePath" : "sale.gspec",
                  "lineNumber" : 38
                },
                "name" : "width 70px",
                "meta" : [ {
                  "from" : {
                    "object" : "logo",
                    "edge" : "left"
                  },
                  "to" : {
                    "object" : "logo",
                    "edge" : "right"
                  },
                  "expectedDistance" : "70px",
                  "realDistance" : "70px"
                } ],
                "highlight" : [ "logo" ]
              }, {
                "status" : "info",
                "place" : {
                  "filePath" : "sale.gspec",
                  "lineNumber" : 39
                },
                "name" : "centered horizontally inside screen",
                "highlight" : [ "logo", "screen" ]
              } ]
            }, {
              "name" : "slika",
              "specs" : [ {
                "status" : "info",
                "place" : {
                  "filePath" : "sale.gspec",
                  "lineNumber" : 41
                },
                "name" : "height 100% of logo/height",
                "meta" : [ {
                  "from" : {
                    "object" : "slika",
                    "edge" : "top"
                  },
                  "to" : {
                    "object" : "slika",
                    "edge" : "bottom"
                  },
                  "expectedDistance" : "100% [70px]",
                  "realDistance" : "100% [70px]"
                } ],
                "highlight" : [ "slika" ]
              } ]
            }, {
              "name" : "logoimg",
              "specs" : [ {
                "status" : "info",
                "place" : {
                  "filePath" : "sale.gspec",
                  "lineNumber" : 43
                },
                "name" : "height 65px",
                "meta" : [ {
                  "from" : {
                    "object" : "logoimg",
                    "edge" : "top"
                  },
                  "to" : {
                    "object" : "logoimg",
                    "edge" : "bottom"
                  },
                  "expectedDistance" : "65px",
                  "realDistance" : "65px"
                } ],
                "highlight" : [ "logoimg" ]
              }, {
                "status" : "info",
                "place" : {
                  "filePath" : "sale.gspec",
                  "lineNumber" : 44
                },
                "name" : "width 65px",
                "meta" : [ {
                  "from" : {
                    "object" : "logoimg",
                    "edge" : "left"
                  },
                  "to" : {
                    "object" : "logoimg",
                    "edge" : "right"
                  },
                  "expectedDistance" : "65px",
                  "realDistance" : "65px"
                } ],
                "highlight" : [ "logoimg" ]
              }, {
                "status" : "info",
                "place" : {
                  "filePath" : "sale.gspec",
                  "lineNumber" : 45
                },
                "name" : "centered inside slika",
                "highlight" : [ "logoimg", "slika" ]
              } ]
            } ]
          }, {
            "name" : "Sadrzaj section",
            "place" : {
              "filePath" : "sale.gspec",
              "lineNumber" : 46
            },
            "objects" : [ {
              "name" : "sadrzaj",
              "specs" : [ {
                "status" : "info",
                "place" : {
                  "filePath" : "sale.gspec",
                  "lineNumber" : 48
                },
                "name" : "height 68 to 76% of screen/height",
                "meta" : [ {
                  "from" : {
                    "object" : "sadrzaj",
                    "edge" : "top"
                  },
                  "to" : {
                    "object" : "sadrzaj",
                    "edge" : "bottom"
                  },
                  "expectedDistance" : "68 to 76% [425 to 475px]",
                  "realDistance" : "73% [461px]"
                } ],
                "highlight" : [ "sadrzaj" ]
              }, {
                "status" : "info",
                "place" : {
                  "filePath" : "sale.gspec",
                  "lineNumber" : 49
                },
                "name" : "centered horizontally inside screen",
                "highlight" : [ "sadrzaj", "screen" ]
              } ]
            }, {
              "name" : "tabelaSala",
              "specs" : [ {
                "status" : "info",
                "place" : {
                  "filePath" : "sale.gspec",
                  "lineNumber" : 51
                },
                "name" : "centered horizontally inside sadrzaj",
                "highlight" : [ "tabelaSala", "sadrzaj" ]
              } ]
            }, {
              "name" : "red",
              "specs" : [ {
                "status" : "info",
                "place" : {
                  "filePath" : "sale.gspec",
                  "lineNumber" : 53
                },
                "name" : "height 40px",
                "meta" : [ {
                  "from" : {
                    "object" : "red",
                    "edge" : "top"
                  },
                  "to" : {
                    "object" : "red",
                    "edge" : "bottom"
                  },
                  "expectedDistance" : "40px",
                  "realDistance" : "40px"
                } ],
                "highlight" : [ "red" ]
              } ]
            }, {
              "name" : "kolona",
              "specs" : [ {
                "status" : "info",
                "place" : {
                  "filePath" : "sale.gspec",
                  "lineNumber" : 55
                },
                "name" : "width 50 to 90px",
                "meta" : [ {
                  "from" : {
                    "object" : "kolona",
                    "edge" : "left"
                  },
                  "to" : {
                    "object" : "kolona",
                    "edge" : "right"
                  },
                  "expectedDistance" : "50 to 90px",
                  "realDistance" : "80px"
                } ],
                "highlight" : [ "kolona" ]
              }, {
                "status" : "info",
                "place" : {
                  "filePath" : "sale.gspec",
                  "lineNumber" : 56
                },
                "name" : "height 40px",
                "meta" : [ {
                  "from" : {
                    "object" : "kolona",
                    "edge" : "top"
                  },
                  "to" : {
                    "object" : "kolona",
                    "edge" : "bottom"
                  },
                  "expectedDistance" : "40px",
                  "realDistance" : "40px"
                } ],
                "highlight" : [ "kolona" ]
              }, {
                "status" : "info",
                "place" : {
                  "filePath" : "sale.gspec",
                  "lineNumber" : 57
                },
                "name" : "css font-family starts \"Arial\"",
                "highlight" : [ "kolona" ]
              }, {
                "status" : "info",
                "place" : {
                  "filePath" : "sale.gspec",
                  "lineNumber" : 58
                },
                "name" : "css font-family ends \"sans-serif\"",
                "highlight" : [ "kolona" ]
              }, {
                "status" : "info",
                "place" : {
                  "filePath" : "sale.gspec",
                  "lineNumber" : 59
                },
                "name" : "css font-family contains \"Helvetica\"",
                "highlight" : [ "kolona" ]
              }, {
                "status" : "info",
                "place" : {
                  "filePath" : "sale.gspec",
                  "lineNumber" : 60
                },
                "name" : "css font-size is \"13px\"",
                "highlight" : [ "kolona" ]
              } ]
            }, {
              "name" : "headerSprat",
              "specs" : [ {
                "status" : "info",
                "place" : {
                  "filePath" : "sale.gspec",
                  "lineNumber" : 62
                },
                "name" : "css font-weight is \"700\"",
                "highlight" : [ "headerSprat" ]
              }, {
                "status" : "info",
                "place" : {
                  "filePath" : "sale.gspec",
                  "lineNumber" : 63
                },
                "name" : "css text-align is \"right\"",
                "highlight" : [ "headerSprat" ]
              } ]
            }, {
              "name" : "slobodnaSala",
              "specs" : [ {
                "status" : "info",
                "place" : {
                  "filePath" : "sale.gspec",
                  "lineNumber" : 65
                },
                "name" : "css text-align is \"left\"",
                "highlight" : [ "slobodnaSala" ]
              }, {
                "status" : "info",
                "place" : {
                  "filePath" : "sale.gspec",
                  "lineNumber" : 66
                },
                "name" : "css vertical-align is \"top\"",
                "highlight" : [ "slobodnaSala" ]
              } ]
            }, {
              "name" : "zauzetaSala",
              "specs" : [ {
                "status" : "info",
                "place" : {
                  "filePath" : "sale.gspec",
                  "lineNumber" : 68
                },
                "name" : "css text-align is \"left\"",
                "highlight" : [ "zauzetaSala" ]
              }, {
                "status" : "info",
                "place" : {
                  "filePath" : "sale.gspec",
                  "lineNumber" : 69
                },
                "name" : "css vertical-align is \"top\"",
                "highlight" : [ "zauzetaSala" ]
              } ]
            }, {
              "name" : "kancelarija",
              "specs" : [ {
                "status" : "info",
                "place" : {
                  "filePath" : "sale.gspec",
                  "lineNumber" : 71
                },
                "name" : "css text-align is \"left\"",
                "highlight" : [ "kancelarija" ]
              }, {
                "status" : "info",
                "place" : {
                  "filePath" : "sale.gspec",
                  "lineNumber" : 72
                },
                "name" : "css vertical-align is \"top\"",
                "highlight" : [ "kancelarija" ]
              } ]
            }, {
              "name" : "sala",
              "specs" : [ {
                "status" : "info",
                "place" : {
                  "filePath" : "sale.gspec",
                  "lineNumber" : 74
                },
                "name" : "css text-align is \"left\"",
                "highlight" : [ "sala" ]
              }, {
                "status" : "info",
                "place" : {
                  "filePath" : "sale.gspec",
                  "lineNumber" : 75
                },
                "name" : "css vertical-align is \"top\"",
                "highlight" : [ "sala" ]
              } ]
            }, {
              "name" : "headerRedni",
              "specs" : [ {
                "status" : "info",
                "place" : {
                  "filePath" : "sale.gspec",
                  "lineNumber" : 77
                },
                "name" : "css text-align is \"left\"",
                "highlight" : [ "headerRedni" ]
              } ]
            }, {
              "name" : "first",
              "specs" : [ {
                "status" : "info",
                "place" : {
                  "filePath" : "sale.gspec",
                  "lineNumber" : 79
                },
                "name" : "css vertical-align is \"bottom\"",
                "highlight" : [ "first" ]
              } ]
            } ]
          } ],
          "objects" : {
            "meni" : {
              "area" : [ 8, 48, 1008, 59 ]
            },
            "slika" : {
              "area" : [ 477, 12, 70, 70 ]
            },
            "zauzetaSala" : {
              "area" : [ 477, 231, 50, 40 ]
            },
            "meni.item-1" : {
              "area" : [ 18, 76, 62, 26 ]
            },
            "screen" : {
              "area" : [ 0, 0, 1024, 625 ]
            },
            "meni.item-2" : {
              "area" : [ 84, 76, 38, 26 ]
            },
            "headerRedni" : {
              "area" : [ 347, 191, 80, 40 ]
            },
            "meni-lista" : {
              "area" : [ 8, 81, 1008, 26 ]
            },
            "meni.item-5" : {
              "area" : [ 261, 76, 52, 26 ]
            },
            "sadrzaj" : {
              "area" : [ 8, 140, 1008, 461 ]
            },
            "meni.item-3" : {
              "area" : [ 126, 76, 43, 26 ]
            },
            "kancelarija" : {
              "area" : [ 427, 231, 50, 40 ]
            },
            "meni.item-4" : {
              "area" : [ 173, 76, 84, 26 ]
            },
            "tabelaSala" : {
              "area" : [ 347, 150, 330, 441 ]
            },
            "slobodnaSala" : {
              "area" : [ 627, 231, 50, 40 ]
            },
            "red" : {
              "area" : [ 347, 151, 330, 40 ]
            },
            "logoimg" : {
              "area" : [ 479, 14, 65, 65 ]
            },
            "headerSprat" : {
              "area" : [ 427, 191, 50, 40 ]
            },
            "sala" : {
              "area" : [ 527, 231, 50, 40 ]
            },
            "logo" : {
              "area" : [ 477, 12, 70, 70 ]
            },
            "first" : {
              "area" : [ 347, 191, 80, 40 ]
            },
            "kolona" : {
              "area" : [ 347, 151, 80, 40 ]
            }
          },
          "screenshot" : "layout-1-screenshot.png",
          "type" : "layout"
        } ],
        "time" : 1573647734602,
        "type" : "node"
      } ],
      "time" : 1573647728047,
      "type" : "node"
    } ]
  }
}