{
  "testId" : "1-sale.gspec",
  "name" : "sale.gspec",
  "report" : {
    "nodes" : [ {
      "name" : "Mutation test",
      "status" : "info",
      "nodes" : [ {
        "name" : "check  sale.gspec --url http://localhost/sale.html --size 1200x800 --offset 5 --htmlreport mutation-sale",
        "status" : "info",
        "nodes" : [ {
          "name" : "Check layout: sale.gspec included tags: ",
          "status" : "info",
          "time" : 1573681393317,
          "sections" : [ {
            "name" : "Main section",
            "place" : {
              "filePath" : "sale.gspec",
              "lineNumber" : 28
            },
            "objects" : [ {
              "name" : "okvir",
              "specs" : [ {
                "status" : "info",
                "place" : {
                  "filePath" : "sale.gspec",
                  "lineNumber" : 30
                },
                "name" : "contains sadrzaj",
                "highlight" : [ "okvir", "sadrzaj" ]
              } ]
            }, {
              "name" : "meni",
              "specs" : [ {
                "status" : "info",
                "place" : {
                  "filePath" : "sale.gspec",
                  "lineNumber" : 32
                },
                "name" : "above sadrzaj",
                "meta" : [ {
                  "from" : {
                    "object" : "meni",
                    "edge" : "bottom"
                  },
                  "to" : {
                    "object" : "sadrzaj",
                    "edge" : "top"
                  },
                  "expectedDistance" : ">= 0px",
                  "realDistance" : "11px"
                } ],
                "highlight" : [ "meni", "sadrzaj" ]
              }, {
                "status" : "info",
                "place" : {
                  "filePath" : "sale.gspec",
                  "lineNumber" : 33
                },
                "name" : "contains meni_item-*",
                "highlight" : [ "meni", "meni_item-1", "meni_item-2", "meni_item-3", "meni_item-4", "meni_item-5" ]
              }, {
                "status" : "info",
                "place" : {
                  "filePath" : "sale.gspec",
                  "lineNumber" : 34
                },
                "name" : "width = 100 % of meni/width",
                "meta" : [ {
                  "from" : {
                    "object" : "meni",
                    "edge" : "left"
                  },
                  "to" : {
                    "object" : "meni",
                    "edge" : "right"
                  },
                  "expectedDistance" : "100% [710px]",
                  "realDistance" : "100% [710px]"
                } ],
                "highlight" : [ "meni" ]
              }, {
                "status" : "info",
                "place" : {
                  "filePath" : "sale.gspec",
                  "lineNumber" : 35
                },
                "name" : "height 110 to 120px",
                "meta" : [ {
                  "from" : {
                    "object" : "meni",
                    "edge" : "top"
                  },
                  "to" : {
                    "object" : "meni",
                    "edge" : "bottom"
                  },
                  "expectedDistance" : "110 to 120px",
                  "realDistance" : "120px"
                } ],
                "highlight" : [ "meni" ]
              } ]
            }, {
              "name" : "sadrzaj",
              "specs" : [ {
                "status" : "info",
                "place" : {
                  "filePath" : "sale.gspec",
                  "lineNumber" : 38
                },
                "name" : "below meni 10 to 30 px",
                "meta" : [ {
                  "from" : {
                    "object" : "sadrzaj",
                    "edge" : "top"
                  },
                  "to" : {
                    "object" : "meni",
                    "edge" : "bottom"
                  },
                  "expectedDistance" : "10 to 30px",
                  "realDistance" : "11px"
                } ],
                "highlight" : [ "sadrzaj", "meni" ]
              }, {
                "status" : "info",
                "place" : {
                  "filePath" : "sale.gspec",
                  "lineNumber" : 39
                },
                "name" : "contains tabela",
                "highlight" : [ "sadrzaj", "tabela" ]
              } ]
            }, {
              "name" : "tabela",
              "specs" : [ {
                "status" : "info",
                "place" : {
                  "filePath" : "sale.gspec",
                  "lineNumber" : 42
                },
                "name" : "centered all inside sadrzaj",
                "highlight" : [ "tabela", "sadrzaj" ]
              }, {
                "status" : "info",
                "place" : {
                  "filePath" : "sale.gspec",
                  "lineNumber" : 43
                },
                "name" : "contains kancelarija, sala, slobodna, zauzeta, sprat, redni",
                "highlight" : [ "tabela", "kancelarija", "sala", "slobodna", "zauzeta", "sprat", "redni" ]
              } ]
            }, {
              "name" : "logo",
              "specs" : [ {
                "status" : "info",
                "place" : {
                  "filePath" : "sale.gspec",
                  "lineNumber" : 47
                },
                "name" : "inside partly meni -45px top",
                "meta" : [ {
                  "from" : {
                    "object" : "logo",
                    "edge" : "top"
                  },
                  "to" : {
                    "object" : "meni",
                    "edge" : "top"
                  },
                  "expectedDistance" : "-45px",
                  "realDistance" : "-45px"
                } ],
                "highlight" : [ "logo", "meni" ]
              }, {
                "status" : "info",
                "place" : {
                  "filePath" : "sale.gspec",
                  "lineNumber" : 48
                },
                "name" : "centered horizontally inside meni",
                "highlight" : [ "logo", "meni" ]
              } ]
            }, {
              "name" : "slobodna",
              "specs" : [ {
                "status" : "info",
                "place" : {
                  "filePath" : "sale.gspec",
                  "lineNumber" : 52
                },
                "name" : "css background-color is \"rgba(0, 128, 0, 1)\"",
                "highlight" : [ "slobodna" ]
              } ]
            }, {
              "name" : "zauzeta",
              "specs" : [ {
                "status" : "info",
                "place" : {
                  "filePath" : "sale.gspec",
                  "lineNumber" : 55
                },
                "name" : "css background-color is \"rgba(255, 165, 0, 1)\"",
                "highlight" : [ "zauzeta" ]
              } ]
            }, {
              "name" : "kancelarija",
              "specs" : [ {
                "status" : "info",
                "place" : {
                  "filePath" : "sale.gspec",
                  "lineNumber" : 58
                },
                "name" : "css background-color is \"rgba(128, 128, 128, 1)\"",
                "highlight" : [ "kancelarija" ]
              } ]
            } ]
          } ],
          "objects" : {
            "meni" : {
              "area" : [ 236, 60, 710, 120 ]
            },
            "sprat" : {
              "area" : [ 410, 227, 464, 42 ]
            },
            "meni_item-1" : {
              "area" : [ 415, 116, 57, 20 ]
            },
            "meni_item-5" : {
              "area" : [ 722, 116, 46, 20 ]
            },
            "okvir" : {
              "area" : [ 0, 60, 1184, 567 ]
            },
            "meni_item-4" : {
              "area" : [ 613, 116, 85, 20 ]
            },
            "sadrzaj" : {
              "area" : [ 236, 191, 710, 435 ]
            },
            "meni_item-3" : {
              "area" : [ 551, 116, 38, 20 ]
            },
            "kancelarija" : {
              "area" : [ 486, 373, 77, 31 ]
            },
            "zauzeta" : {
              "area" : [ 410, 311, 76, 31 ]
            },
            "meni_item-2" : {
              "area" : [ 496, 116, 31, 20 ]
            },
            "tabela" : {
              "area" : [ 307, 227, 568, 364 ]
            },
            "sala" : {
              "area" : [ 486, 311, 77, 31 ]
            },
            "redni" : {
              "area" : [ 307, 269, 103, 42 ]
            },
            "logo" : {
              "area" : [ 546, 15, 90, 90 ]
            },
            "slobodna" : {
              "area" : [ 794, 311, 80, 31 ]
            }
          },
          "screenshot" : "layout-1-screenshot.png",
          "type" : "layout"
        }, {
          "name" : "Mutation testing: sale.gspec included tags: ",
          "status" : "info",
          "time" : 1573681393317,
          "mutationReport" : {
            "objectMutationStatistics" : {
              "meni" : {
                "passed" : 10,
                "failed" : 0,
                "failedMutations" : [ ]
              },
              "sprat" : {
                "passed" : 10,
                "failed" : 0,
                "failedMutations" : [ ]
              },
              "meni_item-1" : {
                "passed" : 10,
                "failed" : 0,
                "failedMutations" : [ ]
              },
              "meni_item-5" : {
                "passed" : 10,
                "failed" : 0,
                "failedMutations" : [ ]
              },
              "okvir" : {
                "passed" : 10,
                "failed" : 0,
                "failedMutations" : [ ]
              },
              "meni_item-4" : {
                "passed" : 10,
                "failed" : 0,
                "failedMutations" : [ ]
              },
              "sadrzaj" : {
                "passed" : 10,
                "failed" : 0,
                "failedMutations" : [ ]
              },
              "meni_item-3" : {
                "passed" : 10,
                "failed" : 0,
                "failedMutations" : [ ]
              },
              "kancelarija" : {
                "passed" : 10,
                "failed" : 0,
                "failedMutations" : [ ]
              },
              "zauzeta" : {
                "passed" : 10,
                "failed" : 0,
                "failedMutations" : [ ]
              },
              "meni_item-2" : {
                "passed" : 10,
                "failed" : 0,
                "failedMutations" : [ ]
              },
              "tabela" : {
                "passed" : 10,
                "failed" : 0,
                "failedMutations" : [ ]
              },
              "sala" : {
                "passed" : 10,
                "failed" : 0,
                "failedMutations" : [ ]
              },
              "redni" : {
                "passed" : 10,
                "failed" : 0,
                "failedMutations" : [ ]
              },
              "logo" : {
                "passed" : 10,
                "failed" : 0,
                "failedMutations" : [ ]
              },
              "slobodna" : {
                "passed" : 10,
                "failed" : 0,
                "failedMutations" : [ ]
              }
            },
            "totalPassed" : 160,
            "totalFailed" : 0,
            "totalMutations" : 160,
            "failedRatio" : 0.0
          },
          "type" : "mutation"
        } ],
        "time" : 1573681385702,
        "type" : "node"
      } ],
      "time" : 1573681378872,
      "type" : "node"
    } ]
  }
}