{
  "testId" : "1-mobilepocetna.gspec",
  "name" : "mobilePocetna.gspec",
  "report" : {
    "nodes" : [ {
      "name" : "Simple check",
      "status" : "info",
      "nodes" : [ {
        "name" : "check  mobilePocetna.gspec --url http:\\\\localhost\\pocetna.html --size 580x768 --htmlreport izvjestaji",
        "status" : "info",
        "nodes" : [ {
          "name" : "Check layout: mobilePocetna.gspec included tags: ",
          "status" : "info",
          "time" : 1573673254081,
          "sections" : [ {
            "name" : "Meni section",
            "place" : {
              "filePath" : "mobilePocetna.gspec",
              "lineNumber" : 12
            },
            "objects" : [ {
              "name" : "ul",
              "specs" : [ {
                "status" : "info",
                "place" : {
                  "filePath" : "mobilePocetna.gspec",
                  "lineNumber" : 14
                },
                "name" : "inside meni",
                "meta" : [ ],
                "highlight" : [ "ul", "meni" ]
              }, {
                "status" : "info",
                "place" : {
                  "filePath" : "mobilePocetna.gspec",
                  "lineNumber" : 16
                },
                "name" : "css list-style is \"outside none disc\"",
                "highlight" : [ "ul" ]
              }, {
                "status" : "info",
                "place" : {
                  "filePath" : "mobilePocetna.gspec",
                  "lineNumber" : 17
                },
                "name" : "css display is \"block\"",
                "highlight" : [ "ul" ]
              } ]
            }, {
              "name" : "logo",
              "specs" : [ {
                "status" : "info",
                "place" : {
                  "filePath" : "mobilePocetna.gspec",
                  "lineNumber" : 14
                },
                "name" : "inside meni",
                "meta" : [ ],
                "highlight" : [ "logo", "meni" ]
              } ]
            } ]
          }, {
            "name" : "Main section",
            "place" : {
              "filePath" : "mobilePocetna.gspec",
              "lineNumber" : 19
            },
            "objects" : [ {
              "name" : "gallery",
              "specs" : [ {
                "status" : "info",
                "place" : {
                  "filePath" : "mobilePocetna.gspec",
                  "lineNumber" : 21
                },
                "name" : "inside sadrzaj",
                "meta" : [ ],
                "highlight" : [ "gallery", "sadrzaj" ]
              }, {
                "status" : "info",
                "place" : {
                  "filePath" : "mobilePocetna.gspec",
                  "lineNumber" : 22
                },
                "name" : "css grid-column is \"auto / auto\"",
                "highlight" : [ "gallery" ]
              } ]
            } ]
          } ],
          "objects" : {
            "meni" : {
              "area" : [ 0, 16, 547, 209 ]
            },
            "ul" : {
              "area" : [ 187, 68, 171, 140 ]
            },
            "logo" : {
              "area" : [ 27, 16, 493, 36 ]
            },
            "gallery" : {
              "area" : [ 0, 252, 547, 4000 ]
            },
            "sadrzaj" : {
              "area" : [ 0, 252, 547, 4000 ]
            }
          },
          "screenshot" : "layout-1-screenshot.png",
          "type" : "layout"
        } ],
        "time" : 1573673251855,
        "type" : "node"
      } ],
      "time" : 1573673240185,
      "type" : "node"
    } ]
  }
}