{
  "testId" : "1-rezervacije.gspec",
  "name" : "rezervacije.gspec",
  "report" : {
    "nodes" : [ {
      "name" : "Simple check",
      "status" : "info",
      "nodes" : [ {
        "name" : "check  rezervacije.gspec --url http:\\\\localhost\\rezervacije.html --size 1024x768 --htmlreport izvjestaji",
        "status" : "info",
        "nodes" : [ {
          "name" : "Check layout: rezervacije.gspec included tags: ",
          "status" : "info",
          "time" : 1573673073072,
          "sections" : [ {
            "name" : "Meni section",
            "place" : {
              "filePath" : "rezervacije.gspec",
              "lineNumber" : 21
            },
            "objects" : [ {
              "name" : "ul",
              "specs" : [ {
                "status" : "info",
                "place" : {
                  "filePath" : "rezervacije.gspec",
                  "lineNumber" : 23
                },
                "name" : "inside meni",
                "meta" : [ ],
                "highlight" : [ "ul", "meni" ]
              }, {
                "status" : "info",
                "place" : {
                  "filePath" : "rezervacije.gspec",
                  "lineNumber" : 25
                },
                "name" : "below logo",
                "meta" : [ {
                  "from" : {
                    "object" : "ul",
                    "edge" : "top"
                  },
                  "to" : {
                    "object" : "logo",
                    "edge" : "bottom"
                  },
                  "expectedDistance" : ">= 0px",
                  "realDistance" : "16px"
                } ],
                "highlight" : [ "ul", "logo" ]
              } ]
            }, {
              "name" : "logo",
              "specs" : [ {
                "status" : "info",
                "place" : {
                  "filePath" : "rezervacije.gspec",
                  "lineNumber" : 23
                },
                "name" : "inside meni",
                "meta" : [ ],
                "highlight" : [ "logo", "meni" ]
              } ]
            } ]
          }, {
            "name" : "Main section",
            "place" : {
              "filePath" : "rezervacije.gspec",
              "lineNumber" : 27
            },
            "objects" : [ {
              "name" : "sale",
              "specs" : [ {
                "status" : "info",
                "place" : {
                  "filePath" : "rezervacije.gspec",
                  "lineNumber" : 30
                },
                "name" : "inside sadrzaj",
                "meta" : [ ],
                "highlight" : [ "sale", "sadrzaj" ]
              }, {
                "status" : "info",
                "place" : {
                  "filePath" : "rezervacije.gspec",
                  "lineNumber" : 31
                },
                "name" : "inside formaUnosa",
                "meta" : [ ],
                "highlight" : [ "sale", "formaUnosa" ]
              }, {
                "status" : "info",
                "place" : {
                  "filePath" : "rezervacije.gspec",
                  "lineNumber" : 32
                },
                "name" : "right-of label",
                "meta" : [ {
                  "from" : {
                    "object" : "sale",
                    "edge" : "left"
                  },
                  "to" : {
                    "object" : "label",
                    "edge" : "right"
                  },
                  "expectedDistance" : ">= 0px",
                  "realDistance" : "12px"
                } ],
                "highlight" : [ "sale", "label" ]
              }, {
                "status" : "info",
                "place" : {
                  "filePath" : "rezervacije.gspec",
                  "lineNumber" : 33
                },
                "name" : "above okvir",
                "meta" : [ {
                  "from" : {
                    "object" : "sale",
                    "edge" : "bottom"
                  },
                  "to" : {
                    "object" : "okvir",
                    "edge" : "top"
                  },
                  "expectedDistance" : ">= 0px",
                  "realDistance" : "246px"
                } ],
                "highlight" : [ "sale", "okvir" ]
              } ]
            }, {
              "name" : "iPeriodicna",
              "specs" : [ {
                "status" : "info",
                "place" : {
                  "filePath" : "rezervacije.gspec",
                  "lineNumber" : 30
                },
                "name" : "inside sadrzaj",
                "meta" : [ ],
                "highlight" : [ "iPeriodicna", "sadrzaj" ]
              }, {
                "status" : "info",
                "place" : {
                  "filePath" : "rezervacije.gspec",
                  "lineNumber" : 31
                },
                "name" : "inside formaUnosa",
                "meta" : [ ],
                "highlight" : [ "iPeriodicna", "formaUnosa" ]
              }, {
                "status" : "info",
                "place" : {
                  "filePath" : "rezervacije.gspec",
                  "lineNumber" : 32
                },
                "name" : "right-of label",
                "meta" : [ {
                  "from" : {
                    "object" : "iPeriodicna",
                    "edge" : "left"
                  },
                  "to" : {
                    "object" : "label",
                    "edge" : "right"
                  },
                  "expectedDistance" : ">= 0px",
                  "realDistance" : "12px"
                } ],
                "highlight" : [ "iPeriodicna", "label" ]
              }, {
                "status" : "info",
                "place" : {
                  "filePath" : "rezervacije.gspec",
                  "lineNumber" : 33
                },
                "name" : "above okvir",
                "meta" : [ {
                  "from" : {
                    "object" : "iPeriodicna",
                    "edge" : "bottom"
                  },
                  "to" : {
                    "object" : "okvir",
                    "edge" : "top"
                  },
                  "expectedDistance" : ">= 0px",
                  "realDistance" : "200px"
                } ],
                "highlight" : [ "iPeriodicna", "okvir" ]
              } ]
            }, {
              "name" : "iPocetak",
              "specs" : [ {
                "status" : "info",
                "place" : {
                  "filePath" : "rezervacije.gspec",
                  "lineNumber" : 30
                },
                "name" : "inside sadrzaj",
                "meta" : [ ],
                "highlight" : [ "iPocetak", "sadrzaj" ]
              }, {
                "status" : "info",
                "place" : {
                  "filePath" : "rezervacije.gspec",
                  "lineNumber" : 31
                },
                "name" : "inside formaUnosa",
                "meta" : [ ],
                "highlight" : [ "iPocetak", "formaUnosa" ]
              }, {
                "status" : "info",
                "place" : {
                  "filePath" : "rezervacije.gspec",
                  "lineNumber" : 32
                },
                "name" : "right-of label",
                "meta" : [ {
                  "from" : {
                    "object" : "iPocetak",
                    "edge" : "left"
                  },
                  "to" : {
                    "object" : "label",
                    "edge" : "right"
                  },
                  "expectedDistance" : ">= 0px",
                  "realDistance" : "12px"
                } ],
                "highlight" : [ "iPocetak", "label" ]
              }, {
                "status" : "info",
                "place" : {
                  "filePath" : "rezervacije.gspec",
                  "lineNumber" : 33
                },
                "name" : "above okvir",
                "meta" : [ {
                  "from" : {
                    "object" : "iPocetak",
                    "edge" : "bottom"
                  },
                  "to" : {
                    "object" : "okvir",
                    "edge" : "top"
                  },
                  "expectedDistance" : ">= 0px",
                  "realDistance" : "136px"
                } ],
                "highlight" : [ "iPocetak", "okvir" ]
              } ]
            }, {
              "name" : "iKraj",
              "specs" : [ {
                "status" : "info",
                "place" : {
                  "filePath" : "rezervacije.gspec",
                  "lineNumber" : 30
                },
                "name" : "inside sadrzaj",
                "meta" : [ ],
                "highlight" : [ "iKraj", "sadrzaj" ]
              }, {
                "status" : "info",
                "place" : {
                  "filePath" : "rezervacije.gspec",
                  "lineNumber" : 31
                },
                "name" : "inside formaUnosa",
                "meta" : [ ],
                "highlight" : [ "iKraj", "formaUnosa" ]
              }, {
                "status" : "info",
                "place" : {
                  "filePath" : "rezervacije.gspec",
                  "lineNumber" : 32
                },
                "name" : "right-of label",
                "meta" : [ {
                  "from" : {
                    "object" : "iKraj",
                    "edge" : "left"
                  },
                  "to" : {
                    "object" : "label",
                    "edge" : "right"
                  },
                  "expectedDistance" : ">= 0px",
                  "realDistance" : "12px"
                } ],
                "highlight" : [ "iKraj", "label" ]
              }, {
                "status" : "info",
                "place" : {
                  "filePath" : "rezervacije.gspec",
                  "lineNumber" : 33
                },
                "name" : "above okvir",
                "meta" : [ {
                  "from" : {
                    "object" : "iKraj",
                    "edge" : "bottom"
                  },
                  "to" : {
                    "object" : "okvir",
                    "edge" : "top"
                  },
                  "expectedDistance" : ">= 0px",
                  "realDistance" : "72px"
                } ],
                "highlight" : [ "iKraj", "okvir" ]
              } ]
            }, {
              "name" : "redDana",
              "specs" : [ {
                "status" : "info",
                "place" : {
                  "filePath" : "rezervacije.gspec",
                  "lineNumber" : 36
                },
                "name" : "inside okvir",
                "meta" : [ ],
                "highlight" : [ "redDana", "okvir" ]
              }, {
                "status" : "info",
                "place" : {
                  "filePath" : "rezervacije.gspec",
                  "lineNumber" : 39
                },
                "name" : "above prvaSedmica",
                "meta" : [ {
                  "from" : {
                    "object" : "redDana",
                    "edge" : "bottom"
                  },
                  "to" : {
                    "object" : "prvaSedmica",
                    "edge" : "top"
                  },
                  "expectedDistance" : ">= 0px",
                  "realDistance" : "0px"
                } ],
                "highlight" : [ "redDana", "prvaSedmica" ]
              }, {
                "status" : "info",
                "place" : {
                  "filePath" : "rezervacije.gspec",
                  "lineNumber" : 40
                },
                "name" : "above ostatakMj",
                "meta" : [ {
                  "from" : {
                    "object" : "redDana",
                    "edge" : "bottom"
                  },
                  "to" : {
                    "object" : "ostatakMj",
                    "edge" : "top"
                  },
                  "expectedDistance" : ">= 0px",
                  "realDistance" : "58px"
                } ],
                "highlight" : [ "redDana", "ostatakMj" ]
              } ]
            }, {
              "name" : "prvaSedmica",
              "specs" : [ {
                "status" : "info",
                "place" : {
                  "filePath" : "rezervacije.gspec",
                  "lineNumber" : 36
                },
                "name" : "inside okvir",
                "meta" : [ ],
                "highlight" : [ "prvaSedmica", "okvir" ]
              }, {
                "status" : "info",
                "place" : {
                  "filePath" : "rezervacije.gspec",
                  "lineNumber" : 43
                },
                "name" : "above ostatakMj",
                "meta" : [ {
                  "from" : {
                    "object" : "prvaSedmica",
                    "edge" : "bottom"
                  },
                  "to" : {
                    "object" : "ostatakMj",
                    "edge" : "top"
                  },
                  "expectedDistance" : ">= 0px",
                  "realDistance" : "8px"
                } ],
                "highlight" : [ "prvaSedmica", "ostatakMj" ]
              } ]
            }, {
              "name" : "ostatakMj",
              "specs" : [ {
                "status" : "info",
                "place" : {
                  "filePath" : "rezervacije.gspec",
                  "lineNumber" : 36
                },
                "name" : "inside okvir",
                "meta" : [ ],
                "highlight" : [ "ostatakMj", "okvir" ]
              } ]
            }, {
              "name" : "dugmad",
              "specs" : [ {
                "status" : "info",
                "place" : {
                  "filePath" : "rezervacije.gspec",
                  "lineNumber" : 46
                },
                "name" : "below okvir",
                "meta" : [ {
                  "from" : {
                    "object" : "dugmad",
                    "edge" : "top"
                  },
                  "to" : {
                    "object" : "okvir",
                    "edge" : "bottom"
                  },
                  "expectedDistance" : ">= 0px",
                  "realDistance" : "32px"
                } ],
                "highlight" : [ "dugmad", "okvir" ]
              } ]
            }, {
              "name" : "bMjesec",
              "specs" : [ {
                "status" : "info",
                "place" : {
                  "filePath" : "rezervacije.gspec",
                  "lineNumber" : 49
                },
                "name" : "css background-color is \"rgba(43, 95, 173, 1)\"",
                "highlight" : [ "bMjesec" ]
              } ]
            } ]
          } ],
          "objects" : {
            "meni" : {
              "area" : [ 0, 29, 991, 82 ]
            },
            "redDana" : {
              "area" : [ 79, 582, 832, 50 ]
            },
            "formaUnosa" : {
              "area" : [ 343, 175, 304, 233 ]
            },
            "iPeriodicna" : {
              "area" : [ 463, 242, 160, 30 ]
            },
            "bMjesec" : {
              "area" : [ 47, 981, 153, 51 ]
            },
            "label" : {
              "area" : [ 359, 194, 92, 19 ]
            },
            "okvir" : {
              "area" : [ 44, 472, 902, 477 ]
            },
            "prvaSedmica" : {
              "area" : [ 79, 632, 832, 50 ]
            },
            "sadrzaj" : {
              "area" : [ 0, 175, 991, 870 ]
            },
            "iPocetak" : {
              "area" : [ 463, 288, 160, 48 ]
            },
            "sale" : {
              "area" : [ 463, 183, 160, 43 ]
            },
            "iKraj" : {
              "area" : [ 463, 352, 160, 48 ]
            },
            "ostatakMj" : {
              "area" : [ 79, 690, 832, 224 ]
            },
            "ul" : {
              "area" : [ 221, 81, 547, 30 ]
            },
            "logo" : {
              "area" : [ 49, 29, 891, 36 ]
            },
            "dugmad" : {
              "area" : [ 47, 981, 896, 64 ]
            }
          },
          "screenshot" : "layout-1-screenshot.png",
          "type" : "layout"
        } ],
        "time" : 1573673068554,
        "type" : "node"
      } ],
      "time" : 1573673056305,
      "type" : "node"
    } ]
  }
}