{
  "testId" : "1-unos.gspec",
  "name" : "unos.gspec",
  "report" : {
    "nodes" : [ {
      "name" : "Simple check",
      "status" : "info",
      "nodes" : [ {
        "name" : "check  unos.gspec --url http:\\\\localhost\\unos.html --size 1024x768 --htmlreport izvjestaji",
        "status" : "info",
        "nodes" : [ {
          "name" : "Check layout: unos.gspec included tags: ",
          "status" : "info",
          "time" : 1573672494467,
          "sections" : [ {
            "name" : "Meni section",
            "place" : {
              "filePath" : "unos.gspec",
              "lineNumber" : 14
            },
            "objects" : [ {
              "name" : "ul",
              "specs" : [ {
                "status" : "info",
                "place" : {
                  "filePath" : "unos.gspec",
                  "lineNumber" : 16
                },
                "name" : "inside meni",
                "meta" : [ ],
                "highlight" : [ "ul", "meni" ]
              }, {
                "status" : "info",
                "place" : {
                  "filePath" : "unos.gspec",
                  "lineNumber" : 18
                },
                "name" : "below logo",
                "meta" : [ {
                  "from" : {
                    "object" : "ul",
                    "edge" : "top"
                  },
                  "to" : {
                    "object" : "logo",
                    "edge" : "bottom"
                  },
                  "expectedDistance" : ">= 0px",
                  "realDistance" : "16px"
                } ],
                "highlight" : [ "ul", "logo" ]
              } ]
            }, {
              "name" : "logo",
              "specs" : [ {
                "status" : "info",
                "place" : {
                  "filePath" : "unos.gspec",
                  "lineNumber" : 16
                },
                "name" : "inside meni",
                "meta" : [ ],
                "highlight" : [ "logo", "meni" ]
              } ]
            } ]
          }, {
            "name" : "Main section",
            "place" : {
              "filePath" : "unos.gspec",
              "lineNumber" : 19
            },
            "objects" : [ {
              "name" : "iNaziv",
              "specs" : [ {
                "status" : "info",
                "place" : {
                  "filePath" : "unos.gspec",
                  "lineNumber" : 21
                },
                "name" : "inside sadrzaj",
                "meta" : [ ],
                "highlight" : [ "iNaziv", "sadrzaj" ]
              }, {
                "status" : "info",
                "place" : {
                  "filePath" : "unos.gspec",
                  "lineNumber" : 22
                },
                "name" : "right-of label",
                "meta" : [ {
                  "from" : {
                    "object" : "iNaziv",
                    "edge" : "left"
                  },
                  "to" : {
                    "object" : "label",
                    "edge" : "right"
                  },
                  "expectedDistance" : ">= 0px",
                  "realDistance" : "12px"
                } ],
                "highlight" : [ "iNaziv", "label" ]
              } ]
            }, {
              "name" : "iBrojMjesta",
              "specs" : [ {
                "status" : "info",
                "place" : {
                  "filePath" : "unos.gspec",
                  "lineNumber" : 21
                },
                "name" : "inside sadrzaj",
                "meta" : [ ],
                "highlight" : [ "iBrojMjesta", "sadrzaj" ]
              }, {
                "status" : "info",
                "place" : {
                  "filePath" : "unos.gspec",
                  "lineNumber" : 22
                },
                "name" : "right-of label",
                "meta" : [ {
                  "from" : {
                    "object" : "iBrojMjesta",
                    "edge" : "left"
                  },
                  "to" : {
                    "object" : "label",
                    "edge" : "right"
                  },
                  "expectedDistance" : ">= 0px",
                  "realDistance" : "12px"
                } ],
                "highlight" : [ "iBrojMjesta", "label" ]
              } ]
            }, {
              "name" : "iOdgOsoba",
              "specs" : [ {
                "status" : "info",
                "place" : {
                  "filePath" : "unos.gspec",
                  "lineNumber" : 21
                },
                "name" : "inside sadrzaj",
                "meta" : [ ],
                "highlight" : [ "iOdgOsoba", "sadrzaj" ]
              }, {
                "status" : "info",
                "place" : {
                  "filePath" : "unos.gspec",
                  "lineNumber" : 22
                },
                "name" : "right-of label",
                "meta" : [ {
                  "from" : {
                    "object" : "iOdgOsoba",
                    "edge" : "left"
                  },
                  "to" : {
                    "object" : "label",
                    "edge" : "right"
                  },
                  "expectedDistance" : ">= 0px",
                  "realDistance" : "12px"
                } ],
                "highlight" : [ "iOdgOsoba", "label" ]
              } ]
            }, {
              "name" : "iSprat",
              "specs" : [ {
                "status" : "info",
                "place" : {
                  "filePath" : "unos.gspec",
                  "lineNumber" : 21
                },
                "name" : "inside sadrzaj",
                "meta" : [ ],
                "highlight" : [ "iSprat", "sadrzaj" ]
              }, {
                "status" : "info",
                "place" : {
                  "filePath" : "unos.gspec",
                  "lineNumber" : 22
                },
                "name" : "right-of label",
                "meta" : [ {
                  "from" : {
                    "object" : "iSprat",
                    "edge" : "left"
                  },
                  "to" : {
                    "object" : "label",
                    "edge" : "right"
                  },
                  "expectedDistance" : ">= 0px",
                  "realDistance" : "12px"
                } ],
                "highlight" : [ "iSprat", "label" ]
              } ]
            }, {
              "name" : "bSubmit",
              "specs" : [ {
                "status" : "info",
                "place" : {
                  "filePath" : "unos.gspec",
                  "lineNumber" : 25
                },
                "name" : "inside sadrzaj",
                "meta" : [ ],
                "highlight" : [ "bSubmit", "sadrzaj" ]
              } ]
            } ]
          } ],
          "objects" : {
            "meni" : {
              "area" : [ 0, 30, 1008, 82 ]
            },
            "ul" : {
              "area" : [ 234, 82, 540, 30 ]
            },
            "logo" : {
              "area" : [ 50, 30, 908, 36 ]
            },
            "bSubmit" : {
              "area" : [ 344, 450, 350, 46 ]
            },
            "label" : {
              "area" : [ 308, 201, 165, 19 ]
            },
            "iBrojMjesta" : {
              "area" : [ 485, 249, 206, 43 ]
            },
            "iSprat" : {
              "area" : [ 485, 367, 206, 43 ]
            },
            "iNaziv" : {
              "area" : [ 485, 190, 206, 43 ]
            },
            "sadrzaj" : {
              "area" : [ 0, 182, 1008, 320 ]
            },
            "iOdgOsoba" : {
              "area" : [ 485, 308, 206, 43 ]
            }
          },
          "screenshot" : "layout-1-screenshot.png",
          "type" : "layout"
        } ],
        "time" : 1573672491472,
        "type" : "node"
      } ],
      "time" : 1573672479854,
      "type" : "node"
    } ]
  }
}