{"periodicna":[{"dan":1,"semestar":"ljetni","pocetak":"12:00","kraj":"15:00","naziv":"0-02","predavac":"P.P."},{"dan":2,"semestar":"zimski","pocetak":"15:30","kraj":"17:30","naziv":"1-03","predavac":"N.N."},{"dan":3,"semestar":"ljetni","pocetak":"08:00","kraj":"09:00","naziv":"EE1","predavac":"N.N."},{"dan":1,"semestar":"ljetni","pocetak":"08:30","kraj":"10:30","naziv":"VA1","predavac":"N.N."},{"dan":0,"semestar":"zimski","pocetak":"10:00","kraj":"12:00","naziv":"VA2","predavac":"A.A."},{"dan":2,"semestar":"zimski","pocetak":"14:30","kraj":"16:30","naziv":"EE1","predavac":"A.A."}],"vanredna":[{"datum":"11.11.2019","pocetak":"17:00","kraj":"18:00","naziv":"MA","predavac":"MA."},{"datum":"11.10.2019","pocetak":"11:00","kraj":"13:00","naziv":"VA2","predavac":"S.S"},{"datum":"01.05.2019","pocetak":"08:00","kraj":"10:00","naziv":"2-02","predavac":"M.M."},{"datum":"29.12.2019","pocetak":"13:30","kraj":"15:30","naziv":"EE1","predavac":"N.N."},{"datum":"22.05.2019","pocetak":"12:30","kraj":"14:30","naziv":"1-05","predavac":"D.D."},{"datum":"22.01.2019","pocetak":"08:30","kraj":"10:30","naziv":"1-06","predavac":"A.A."},{"datum":"30.04.2019","pocetak":"14:00","kraj":"16:00","naziv":"3-01","predavac":"A.A."},{"datum":"13.01.2019","pocetak":"09:00","kraj":"11:00","naziv":"VA1","predavac":"G.G."},{"datum":"7.11.2019","pocetak":"10:00","kraj":"12:00","naziv":"VA2","predavac":"MM"}]}