{"periodicna":[{"dan":"1","semestar":"zimski","pocetak":"10:30","kraj":"12:00","naziv":"va1","predavac":"Profesor"},{"dan":"3","semestar":"zimski","pocetak":"13:30","kraj":"15:00","naziv":"ee1","predavac":"Profesor"},{"dan":"4","semestar":"ljetni","pocetak":"09:00","kraj":"12:00","naziv":"1-01","predavac":"Profesor"},{"dan":4,"semestar":"zimski","pocetak":"08:00","kraj":"20:00","naziv":"va1","predavac":"Profesor"},{"dan":2,"semestar":"ljetni","pocetak":"08:00","kraj":"20:00","naziv":"va1","predavac":"Profesor"},{"dan":0,"semestar":"ljetni","pocetak":"14:00","kraj":"16:00","naziv":"va1","predavac":"Profesor"}],"vanredna":[{"datum":"30.11.2019","pocetak":"09:00","kraj":"10:30","naziv":"va1","predavac":"Profesor"},{"datum":"22.12.2019","pocetak":"12:00","kraj":"13:30","naziv":"va2","predavac":"Profesor"},{"datum":"26.1.2019","pocetak":"08:00","kraj":"20:00","naziv":"va1","predavac":"Profesor"},{"datum":"13.1.2019","pocetak":"08:00","kraj":"20:00","naziv":"va1","predavac":"Profesor"},{"datum":"16.1.2019","pocetak":"08:00","kraj":"20:00","naziv":"va1","predavac":"Profesor"},{"datum":"11.4.2019","pocetak":"08:00","kraj":"20:00","naziv":"va1","predavac":"Profesor"},{"datum":"13.4.2019","pocetak":"08:00","kraj":"20:00","naziv":"va1","predavac":"Profesor"},{"datum":"26.4.2019","pocetak":"08:00","kraj":"20:00","naziv":"va1","predavac":"Profesor"},{"datum":"17.5.2019","pocetak":"08:00","kraj":"20:00","naziv":"va1","predavac":"Profesor"},{"datum":"13.6.2019","pocetak":"08:00","kraj":"20:00","naziv":"va1","predavac":"Profesor"},{"datum":"20.6.2019","pocetak":"08:00","kraj":"20:00","naziv":"va1","predavac":"Profesor"},{"datum":"15.7.2019","pocetak":"08:00","kraj":"20:00","naziv":"va1","predavac":"Profesor"},{"datum":"17.7.2019","pocetak":"08:00","kraj":"20:00","naziv":"va1","predavac":"Profesor"},{"datum":"30.8.2019","pocetak":"08:00","kraj":"20:00","naziv":"va1","predavac":"Profesor"},{"datum":"18.8.2019","pocetak":"08:00","kraj":"20:00","naziv":"va1","predavac":"Profesor"},{"datum":"13.8.2019","pocetak":"08:00","kraj":"20:00","naziv":"va1","predavac":"Profesor"},{"datum":"22.9.2019","pocetak":"08:00","kraj":"20:00","naziv":"va1","predavac":"Profesor"},{"datum":"10.9.2019","pocetak":"08:00","kraj":"20:00","naziv":"va1","predavac":"Profesor"},{"datum":"19.9.2019","pocetak":"08:00","kraj":"20:00","naziv":"va1","predavac":"Profesor"},{"datum":"28.9.2019","pocetak":"08:00","kraj":"20:00","naziv":"va1","predavac":"Profesor"},{"datum":"6.9.2019","pocetak":"08:00","kraj":"20:00","naziv":"va1","predavac":"Profesor"},{"datum":"19.10.2019","pocetak":"08:00","kraj":"20:00","naziv":"va1","predavac":"Profesor"},{"datum":"29.3.2019","pocetak":"08:00","kraj":"20:00","naziv":"va1","predavac":"Profesor"},{"datum":"22.6.2019","pocetak":"08:00","kraj":"20:00","naziv":"va1","predavac":"Profesor"},{"datum":"13.7.2019","pocetak":"08:00","kraj":"20:00","naziv":"va1","predavac":"Profesor"},{"datum":"19.7.2019","pocetak":"08:00","kraj":"20:00","naziv":"va1","predavac":"Profesor"},{"datum":"14.12.2019","pocetak":"08:00","kraj":"20:00","naziv":"va1","predavac":"Profesor"},{"datum":"2.1.2019","pocetak":"08:00","kraj":"20:00","naziv":"va1","predavac":"Profesor"},{"datum":"11.1.2019","pocetak":"20:00","kraj":"08:00","naziv":"va1","predavac":"Profesor"}]}