{"periodicno":[{"dan":"0","semestar":"zimski","pocetak":"09:00","kraj":"11:30","naziv":"0-01","predavac":"sanida"},{"dan":"2","semestar":"zimski","pocetak":"01:00","kraj":"01:30","naziv":"VA1","predavac":"sanida"}],"vanredno":[{"datum":"12.11.2019.","pocetak":"09:00","kraj":"11:30","naziv":"0-01","predavac":"sanida"},{"datum":"13.11.2019.","pocetak":"09:00","kraj":"11:30","naziv":"0-01","predavac":"sanida"},{"datum":"07.11.2019.","pocetak":"09:00","kraj":"21:00","naziv":"0-01","predavac":"Sanida"},{"datum":"08.11.2019.","pocetak":"09:00","kraj":"21:00","naziv":"0-01","predavac":"Sanida"}]}