{
  "testId" : "1-mobilesale.gspec",
  "name" : "mobileSale.gspec",
  "report" : {
    "nodes" : [ {
      "name" : "Simple check",
      "status" : "info",
      "nodes" : [ {
        "name" : "check  mobileSale.gspec --url http://localhost/sale.html --size 590x768 --htmlreport izvjestajMobileSale",
        "status" : "info",
        "nodes" : [ {
          "name" : "Check layout: mobileSale.gspec included tags: ",
          "status" : "info",
          "time" : 1573656528929,
          "sections" : [ {
            "name" : "Meni section",
            "place" : {
              "filePath" : "mobileSale.gspec",
              "lineNumber" : 14
            },
            "objects" : [ {
              "name" : "lista",
              "specs" : [ {
                "status" : "info",
                "place" : {
                  "filePath" : "mobileSale.gspec",
                  "lineNumber" : 16
                },
                "name" : "css display is \"block\"",
                "highlight" : [ "lista" ]
              } ]
            }, {
              "name" : "headerSprat",
              "specs" : [ {
                "status" : "info",
                "place" : {
                  "filePath" : "mobileSale.gspec",
                  "lineNumber" : 18
                },
                "name" : "absent",
                "highlight" : [ ]
              } ]
            }, {
              "name" : "headerRedni",
              "specs" : [ {
                "status" : "info",
                "place" : {
                  "filePath" : "mobileSale.gspec",
                  "lineNumber" : 20
                },
                "name" : "absent",
                "highlight" : [ ]
              } ]
            }, {
              "name" : "prviRed",
              "specs" : [ {
                "status" : "info",
                "place" : {
                  "filePath" : "mobileSale.gspec",
                  "lineNumber" : 22
                },
                "name" : "absent",
                "highlight" : [ ]
              } ]
            }, {
              "name" : "drugiRed",
              "specs" : [ {
                "status" : "info",
                "place" : {
                  "filePath" : "mobileSale.gspec",
                  "lineNumber" : 24
                },
                "name" : "absent",
                "highlight" : [ ]
              } ]
            } ]
          } ],
          "objects" : {
            "lista" : {
              "area" : [ 18, 81, 548, 26 ]
            }
          },
          "screenshot" : "layout-1-screenshot.png",
          "type" : "layout"
        } ],
        "time" : 1573656527087,
        "type" : "node"
      } ],
      "time" : 1573656520168,
      "type" : "node"
    } ]
  }
}