{
  "testId" : "1-mobilepocetna.gspec",
  "name" : "mobilePocetna.gspec",
  "report" : {
    "nodes" : [ {
      "name" : "Mutation test",
      "status" : "info",
      "nodes" : [ {
        "name" : "check  mobilePocetna.gspec --url http://localhost/pocetna.html --size 450x600 --offset 5 --htmlreport mutation-mobilePocetna",
        "status" : "info",
        "nodes" : [ {
          "name" : "Check layout: mobilePocetna.gspec included tags: ",
          "status" : "info",
          "time" : 1573682192970,
          "sections" : [ {
            "name" : "Main section",
            "place" : {
              "filePath" : "mobilePocetna.gspec",
              "lineNumber" : 16
            },
            "objects" : [ {
              "name" : "meni",
              "specs" : [ {
                "status" : "info",
                "place" : {
                  "filePath" : "mobilePocetna.gspec",
                  "lineNumber" : 18
                },
                "name" : "above sadrzaj",
                "meta" : [ {
                  "from" : {
                    "object" : "meni",
                    "edge" : "bottom"
                  },
                  "to" : {
                    "object" : "sadrzaj",
                    "edge" : "top"
                  },
                  "expectedDistance" : ">= 0px",
                  "realDistance" : "4px"
                } ],
                "highlight" : [ "meni", "sadrzaj" ]
              }, {
                "status" : "info",
                "place" : {
                  "filePath" : "mobilePocetna.gspec",
                  "lineNumber" : 19
                },
                "name" : "width = 100 % of meni/width",
                "meta" : [ {
                  "from" : {
                    "object" : "meni",
                    "edge" : "left"
                  },
                  "to" : {
                    "object" : "meni",
                    "edge" : "right"
                  },
                  "expectedDistance" : "100% [289px]",
                  "realDistance" : "100% [289px]"
                } ],
                "highlight" : [ "meni" ]
              }, {
                "status" : "info",
                "place" : {
                  "filePath" : "mobilePocetna.gspec",
                  "lineNumber" : 20
                },
                "name" : "height 130 to 140px",
                "meta" : [ {
                  "from" : {
                    "object" : "meni",
                    "edge" : "top"
                  },
                  "to" : {
                    "object" : "meni",
                    "edge" : "bottom"
                  },
                  "expectedDistance" : "130 to 140px",
                  "realDistance" : "140px"
                } ],
                "highlight" : [ "meni" ]
              } ]
            }, {
              "name" : "sadrzaj",
              "specs" : [ {
                "status" : "info",
                "place" : {
                  "filePath" : "mobilePocetna.gspec",
                  "lineNumber" : 23
                },
                "name" : "below meni 3 to 10 px",
                "meta" : [ {
                  "from" : {
                    "object" : "sadrzaj",
                    "edge" : "top"
                  },
                  "to" : {
                    "object" : "meni",
                    "edge" : "bottom"
                  },
                  "expectedDistance" : "3 to 10px",
                  "realDistance" : "4px"
                } ],
                "highlight" : [ "sadrzaj", "meni" ]
              }, {
                "status" : "info",
                "place" : {
                  "filePath" : "mobilePocetna.gspec",
                  "lineNumber" : 24
                },
                "name" : "contains grid",
                "highlight" : [ "sadrzaj", "grid" ]
              } ]
            }, {
              "name" : "grid",
              "specs" : [ {
                "status" : "info",
                "place" : {
                  "filePath" : "mobilePocetna.gspec",
                  "lineNumber" : 27
                },
                "name" : "inside sadrzaj",
                "meta" : [ ],
                "highlight" : [ "grid", "sadrzaj" ]
              } ]
            }, {
              "name" : "logo",
              "specs" : [ {
                "status" : "info",
                "place" : {
                  "filePath" : "mobilePocetna.gspec",
                  "lineNumber" : 31
                },
                "name" : "inside partly meni -45px top",
                "meta" : [ {
                  "from" : {
                    "object" : "logo",
                    "edge" : "top"
                  },
                  "to" : {
                    "object" : "meni",
                    "edge" : "top"
                  },
                  "expectedDistance" : "-45px",
                  "realDistance" : "-45px"
                } ],
                "highlight" : [ "logo", "meni" ]
              }, {
                "status" : "info",
                "place" : {
                  "filePath" : "mobilePocetna.gspec",
                  "lineNumber" : 32
                },
                "name" : "centered horizontally inside meni",
                "highlight" : [ "logo", "meni" ]
              } ]
            } ]
          } ],
          "objects" : {
            "meni" : {
              "area" : [ 96, 60, 289, 140 ]
            },
            "grid" : {
              "area" : [ 125, 225, 212, 903 ]
            },
            "logo" : {
              "area" : [ 196, 15, 90, 90 ]
            },
            "sadrzaj" : {
              "area" : [ 96, 204, 289, 944 ]
            }
          },
          "screenshot" : "layout-1-screenshot.png",
          "type" : "layout"
        }, {
          "name" : "Mutation testing: mobilePocetna.gspec included tags: ",
          "status" : "error",
          "time" : 1573682192970,
          "mutationReport" : {
            "objectMutationStatistics" : {
              "meni" : {
                "passed" : 10,
                "failed" : 0,
                "failedMutations" : [ ]
              },
              "grid" : {
                "passed" : 0,
                "failed" : 10,
                "failedMutations" : [ "grid: drag left by 5px", "grid: drag right by 5px", "grid: drag top by 5px", "grid: drag down by 5px", "grid: increase width by 5px", "grid: decrease width by 5px", "grid: increase height by 5px", "grid: decrease height by 5px", "grid: move left edge right by 5px", "grid: move top edge down by 5px" ]
              },
              "logo" : {
                "passed" : 8,
                "failed" : 2,
                "failedMutations" : [ "logo: increase height by 5px", "logo: decrease height by 5px" ]
              },
              "sadrzaj" : {
                "passed" : 1,
                "failed" : 9,
                "failedMutations" : [ "sadrzaj: drag left by 5px", "sadrzaj: drag right by 5px", "sadrzaj: drag down by 5px", "sadrzaj: increase width by 5px", "sadrzaj: decrease width by 5px", "sadrzaj: increase height by 5px", "sadrzaj: decrease height by 5px", "sadrzaj: move left edge right by 5px", "sadrzaj: move top edge down by 5px" ]
              }
            },
            "totalPassed" : 19,
            "totalFailed" : 21,
            "totalMutations" : 40,
            "failedRatio" : 52.5
          },
          "type" : "mutation"
        } ],
        "time" : 1573682189032,
        "type" : "node"
      } ],
      "time" : 1573682178957,
      "type" : "node"
    } ]
  }
}