{
  "testId" : "1-unos.gspec",
  "name" : "unos.gspec",
  "report" : {
    "nodes" : [ {
      "name" : "Simple check",
      "status" : "info",
      "nodes" : [ {
        "name" : "check  unos.gspec --url http://localhost/unos.html --size 1024x768 --htmlreport izvjestajUnos",
        "status" : "info",
        "nodes" : [ {
          "name" : "Check layout: unos.gspec included tags: ",
          "status" : "info",
          "time" : 1573650159805,
          "sections" : [ {
            "name" : "Main section",
            "place" : {
              "filePath" : "unos.gspec",
              "lineNumber" : 11
            },
            "objects" : [ {
              "name" : "meni",
              "specs" : [ {
                "status" : "info",
                "place" : {
                  "filePath" : "unos.gspec",
                  "lineNumber" : 13
                },
                "name" : "above sadrzaj",
                "meta" : [ {
                  "from" : {
                    "object" : "meni",
                    "edge" : "bottom"
                  },
                  "to" : {
                    "object" : "sadrzaj",
                    "edge" : "top"
                  },
                  "expectedDistance" : ">= 0px",
                  "realDistance" : "33px"
                } ],
                "highlight" : [ "meni", "sadrzaj" ]
              }, {
                "status" : "info",
                "place" : {
                  "filePath" : "unos.gspec",
                  "lineNumber" : 14
                },
                "name" : "height 55 to 65px",
                "meta" : [ {
                  "from" : {
                    "object" : "meni",
                    "edge" : "top"
                  },
                  "to" : {
                    "object" : "meni",
                    "edge" : "bottom"
                  },
                  "expectedDistance" : "55 to 65px",
                  "realDistance" : "59px"
                } ],
                "highlight" : [ "meni" ]
              }, {
                "status" : "info",
                "place" : {
                  "filePath" : "unos.gspec",
                  "lineNumber" : 15
                },
                "name" : "inside screen 45 to 50px top",
                "meta" : [ {
                  "from" : {
                    "object" : "meni",
                    "edge" : "top"
                  },
                  "to" : {
                    "object" : "screen",
                    "edge" : "top"
                  },
                  "expectedDistance" : "45 to 50px",
                  "realDistance" : "48px"
                } ],
                "highlight" : [ "meni", "screen" ]
              }, {
                "status" : "info",
                "place" : {
                  "filePath" : "unos.gspec",
                  "lineNumber" : 16
                },
                "name" : "centered horizontally inside screen",
                "highlight" : [ "meni", "screen" ]
              } ]
            }, {
              "name" : "meni-lista",
              "specs" : [ {
                "status" : "info",
                "place" : {
                  "filePath" : "unos.gspec",
                  "lineNumber" : 18
                },
                "name" : "inside screen 7 to 12px left",
                "meta" : [ {
                  "from" : {
                    "object" : "meni-lista",
                    "edge" : "left"
                  },
                  "to" : {
                    "object" : "screen",
                    "edge" : "left"
                  },
                  "expectedDistance" : "7 to 12px",
                  "realDistance" : "8px"
                } ],
                "highlight" : [ "meni-lista", "screen" ]
              }, {
                "status" : "info",
                "place" : {
                  "filePath" : "unos.gspec",
                  "lineNumber" : 19
                },
                "name" : "css font-family starts \"Arial\"",
                "highlight" : [ "meni-lista" ]
              }, {
                "status" : "info",
                "place" : {
                  "filePath" : "unos.gspec",
                  "lineNumber" : 20
                },
                "name" : "css font-family ends \"sans-serif\"",
                "highlight" : [ "meni-lista" ]
              }, {
                "status" : "info",
                "place" : {
                  "filePath" : "unos.gspec",
                  "lineNumber" : 21
                },
                "name" : "css font-family contains \"Helvetica\"",
                "highlight" : [ "meni-lista" ]
              }, {
                "status" : "info",
                "place" : {
                  "filePath" : "unos.gspec",
                  "lineNumber" : 22
                },
                "name" : "css font-size is \"14px\"",
                "highlight" : [ "meni-lista" ]
              } ]
            }, {
              "name" : "meni.item-1",
              "specs" : [ {
                "status" : "info",
                "place" : {
                  "filePath" : "unos.gspec",
                  "lineNumber" : 25
                },
                "name" : "left-of meni.item-2 3 to 6px",
                "meta" : [ {
                  "from" : {
                    "object" : "meni.item-1",
                    "edge" : "right"
                  },
                  "to" : {
                    "object" : "meni.item-2",
                    "edge" : "left"
                  },
                  "expectedDistance" : "3 to 6px",
                  "realDistance" : "4px"
                } ],
                "highlight" : [ "meni.item-1", "meni.item-2" ]
              }, {
                "status" : "info",
                "place" : {
                  "filePath" : "unos.gspec",
                  "lineNumber" : 26
                },
                "name" : "aligned horizontally all meni.item-2",
                "highlight" : [ "meni.item-1", "meni.item-2" ]
              } ]
            }, {
              "name" : "meni.item-2",
              "specs" : [ {
                "status" : "info",
                "place" : {
                  "filePath" : "unos.gspec",
                  "lineNumber" : 25
                },
                "name" : "left-of meni.item-3 3 to 6px",
                "meta" : [ {
                  "from" : {
                    "object" : "meni.item-2",
                    "edge" : "right"
                  },
                  "to" : {
                    "object" : "meni.item-3",
                    "edge" : "left"
                  },
                  "expectedDistance" : "3 to 6px",
                  "realDistance" : "4px"
                } ],
                "highlight" : [ "meni.item-2", "meni.item-3" ]
              }, {
                "status" : "info",
                "place" : {
                  "filePath" : "unos.gspec",
                  "lineNumber" : 26
                },
                "name" : "aligned horizontally all meni.item-3",
                "highlight" : [ "meni.item-2", "meni.item-3" ]
              } ]
            }, {
              "name" : "meni.item-3",
              "specs" : [ {
                "status" : "info",
                "place" : {
                  "filePath" : "unos.gspec",
                  "lineNumber" : 25
                },
                "name" : "left-of meni.item-4 3 to 6px",
                "meta" : [ {
                  "from" : {
                    "object" : "meni.item-3",
                    "edge" : "right"
                  },
                  "to" : {
                    "object" : "meni.item-4",
                    "edge" : "left"
                  },
                  "expectedDistance" : "3 to 6px",
                  "realDistance" : "4px"
                } ],
                "highlight" : [ "meni.item-3", "meni.item-4" ]
              }, {
                "status" : "info",
                "place" : {
                  "filePath" : "unos.gspec",
                  "lineNumber" : 26
                },
                "name" : "aligned horizontally all meni.item-4",
                "highlight" : [ "meni.item-3", "meni.item-4" ]
              } ]
            }, {
              "name" : "meni.item-4",
              "specs" : [ {
                "status" : "info",
                "place" : {
                  "filePath" : "unos.gspec",
                  "lineNumber" : 25
                },
                "name" : "left-of meni.item-5 3 to 6px",
                "meta" : [ {
                  "from" : {
                    "object" : "meni.item-4",
                    "edge" : "right"
                  },
                  "to" : {
                    "object" : "meni.item-5",
                    "edge" : "left"
                  },
                  "expectedDistance" : "3 to 6px",
                  "realDistance" : "4px"
                } ],
                "highlight" : [ "meni.item-4", "meni.item-5" ]
              }, {
                "status" : "info",
                "place" : {
                  "filePath" : "unos.gspec",
                  "lineNumber" : 26
                },
                "name" : "aligned horizontally all meni.item-5",
                "highlight" : [ "meni.item-4", "meni.item-5" ]
              } ]
            } ]
          }, {
            "name" : "Logo section",
            "place" : {
              "filePath" : "unos.gspec",
              "lineNumber" : 27
            },
            "objects" : [ {
              "name" : "logo",
              "specs" : [ {
                "status" : "info",
                "place" : {
                  "filePath" : "unos.gspec",
                  "lineNumber" : 29
                },
                "name" : "height 70px",
                "meta" : [ {
                  "from" : {
                    "object" : "logo",
                    "edge" : "top"
                  },
                  "to" : {
                    "object" : "logo",
                    "edge" : "bottom"
                  },
                  "expectedDistance" : "70px",
                  "realDistance" : "70px"
                } ],
                "highlight" : [ "logo" ]
              }, {
                "status" : "info",
                "place" : {
                  "filePath" : "unos.gspec",
                  "lineNumber" : 30
                },
                "name" : "width 70px",
                "meta" : [ {
                  "from" : {
                    "object" : "logo",
                    "edge" : "left"
                  },
                  "to" : {
                    "object" : "logo",
                    "edge" : "right"
                  },
                  "expectedDistance" : "70px",
                  "realDistance" : "70px"
                } ],
                "highlight" : [ "logo" ]
              }, {
                "status" : "info",
                "place" : {
                  "filePath" : "unos.gspec",
                  "lineNumber" : 31
                },
                "name" : "centered horizontally inside screen",
                "highlight" : [ "logo", "screen" ]
              } ]
            }, {
              "name" : "slika",
              "specs" : [ {
                "status" : "info",
                "place" : {
                  "filePath" : "unos.gspec",
                  "lineNumber" : 33
                },
                "name" : "height 100% of logo/height",
                "meta" : [ {
                  "from" : {
                    "object" : "slika",
                    "edge" : "top"
                  },
                  "to" : {
                    "object" : "slika",
                    "edge" : "bottom"
                  },
                  "expectedDistance" : "100% [70px]",
                  "realDistance" : "100% [70px]"
                } ],
                "highlight" : [ "slika" ]
              } ]
            }, {
              "name" : "logoimg",
              "specs" : [ {
                "status" : "info",
                "place" : {
                  "filePath" : "unos.gspec",
                  "lineNumber" : 35
                },
                "name" : "height 65px",
                "meta" : [ {
                  "from" : {
                    "object" : "logoimg",
                    "edge" : "top"
                  },
                  "to" : {
                    "object" : "logoimg",
                    "edge" : "bottom"
                  },
                  "expectedDistance" : "65px",
                  "realDistance" : "65px"
                } ],
                "highlight" : [ "logoimg" ]
              }, {
                "status" : "info",
                "place" : {
                  "filePath" : "unos.gspec",
                  "lineNumber" : 36
                },
                "name" : "width 65px",
                "meta" : [ {
                  "from" : {
                    "object" : "logoimg",
                    "edge" : "left"
                  },
                  "to" : {
                    "object" : "logoimg",
                    "edge" : "right"
                  },
                  "expectedDistance" : "65px",
                  "realDistance" : "65px"
                } ],
                "highlight" : [ "logoimg" ]
              }, {
                "status" : "info",
                "place" : {
                  "filePath" : "unos.gspec",
                  "lineNumber" : 37
                },
                "name" : "centered inside slika",
                "highlight" : [ "logoimg", "slika" ]
              } ]
            } ]
          }, {
            "name" : "Sadrzaj section",
            "place" : {
              "filePath" : "unos.gspec",
              "lineNumber" : 38
            },
            "objects" : [ {
              "name" : "sadrzaj",
              "specs" : [ {
                "status" : "info",
                "place" : {
                  "filePath" : "unos.gspec",
                  "lineNumber" : 40
                },
                "name" : "height 40 to 50% of screen/height",
                "meta" : [ {
                  "from" : {
                    "object" : "sadrzaj",
                    "edge" : "top"
                  },
                  "to" : {
                    "object" : "sadrzaj",
                    "edge" : "bottom"
                  },
                  "expectedDistance" : "40 to 50% [250 to 312px]",
                  "realDistance" : "43% [272px]"
                } ],
                "highlight" : [ "sadrzaj" ]
              }, {
                "status" : "info",
                "place" : {
                  "filePath" : "unos.gspec",
                  "lineNumber" : 41
                },
                "name" : "centered horizontally inside screen",
                "highlight" : [ "sadrzaj", "screen" ]
              } ]
            }, {
              "name" : "labela",
              "specs" : [ {
                "status" : "info",
                "place" : {
                  "filePath" : "unos.gspec",
                  "lineNumber" : 43
                },
                "name" : "inside sadrzaj 10px left",
                "meta" : [ {
                  "from" : {
                    "object" : "labela",
                    "edge" : "left"
                  },
                  "to" : {
                    "object" : "sadrzaj",
                    "edge" : "left"
                  },
                  "expectedDistance" : "10px",
                  "realDistance" : "10px"
                } ],
                "highlight" : [ "labela", "sadrzaj" ]
              }, {
                "status" : "info",
                "place" : {
                  "filePath" : "unos.gspec",
                  "lineNumber" : 44
                },
                "name" : "css display is \"inline-block\"",
                "highlight" : [ "labela" ]
              }, {
                "status" : "info",
                "place" : {
                  "filePath" : "unos.gspec",
                  "lineNumber" : 45
                },
                "name" : "width 100px",
                "meta" : [ {
                  "from" : {
                    "object" : "labela",
                    "edge" : "left"
                  },
                  "to" : {
                    "object" : "labela",
                    "edge" : "right"
                  },
                  "expectedDistance" : "100px",
                  "realDistance" : "100px"
                } ],
                "highlight" : [ "labela" ]
              } ]
            }, {
              "name" : "submit",
              "specs" : [ {
                "status" : "info",
                "place" : {
                  "filePath" : "unos.gspec",
                  "lineNumber" : 47
                },
                "name" : "text is \"Unesi\"",
                "highlight" : [ "submit" ]
              } ]
            } ]
          } ],
          "objects" : {
            "meni" : {
              "area" : [ 8, 48, 1008, 59 ]
            },
            "slika" : {
              "area" : [ 477, 12, 70, 70 ]
            },
            "submit" : {
              "area" : [ 18, 354, 65, 29 ]
            },
            "meni.item-1" : {
              "area" : [ 18, 76, 62, 26 ]
            },
            "screen" : {
              "area" : [ 0, 0, 1024, 625 ]
            },
            "meni.item-2" : {
              "area" : [ 84, 76, 38, 26 ]
            },
            "meni-lista" : {
              "area" : [ 8, 81, 1008, 26 ]
            },
            "meni.item-5" : {
              "area" : [ 261, 76, 52, 26 ]
            },
            "sadrzaj" : {
              "area" : [ 8, 140, 1008, 272 ]
            },
            "meni.item-3" : {
              "area" : [ 126, 76, 43, 26 ]
            },
            "meni.item-4" : {
              "area" : [ 173, 76, 84, 26 ]
            },
            "logoimg" : {
              "area" : [ 479, 14, 65, 65 ]
            },
            "logo" : {
              "area" : [ 477, 12, 70, 70 ]
            },
            "labela" : {
              "area" : [ 18, 156, 100, 19 ]
            }
          },
          "screenshot" : "layout-1-screenshot.png",
          "type" : "layout"
        } ],
        "time" : 1573650154585,
        "type" : "node"
      } ],
      "time" : 1573650147799,
      "type" : "node"
    } ]
  }
}