{
  "testId" : "1-mobilepocetna.gspec",
  "name" : "mobilePocetna.gspec",
  "report" : {
    "nodes" : [ {
      "name" : "Simple check",
      "status" : "info",
      "nodes" : [ {
        "name" : "check  mobilePocetna.gspec --url http://localhost/pocetna.html --size 590x768 --htmlreport izvjestajMobilePocetna",
        "status" : "info",
        "nodes" : [ {
          "name" : "Check layout: mobilePocetna.gspec included tags: ",
          "status" : "info",
          "time" : 1573657077866,
          "sections" : [ {
            "name" : "Meni section",
            "place" : {
              "filePath" : "mobilePocetna.gspec",
              "lineNumber" : 11
            },
            "objects" : [ {
              "name" : "lista",
              "specs" : [ {
                "status" : "info",
                "place" : {
                  "filePath" : "mobilePocetna.gspec",
                  "lineNumber" : 13
                },
                "name" : "css display is \"block\"",
                "highlight" : [ "lista" ]
              } ]
            }, {
              "name" : "slike",
              "specs" : [ {
                "status" : "info",
                "place" : {
                  "filePath" : "mobilePocetna.gspec",
                  "lineNumber" : 15
                },
                "name" : "width 240px",
                "meta" : [ {
                  "from" : {
                    "object" : "slike",
                    "edge" : "left"
                  },
                  "to" : {
                    "object" : "slike",
                    "edge" : "right"
                  },
                  "expectedDistance" : "240px",
                  "realDistance" : "240px"
                } ],
                "highlight" : [ "slike" ]
              }, {
                "status" : "info",
                "place" : {
                  "filePath" : "mobilePocetna.gspec",
                  "lineNumber" : 16
                },
                "name" : "height 160px",
                "meta" : [ {
                  "from" : {
                    "object" : "slike",
                    "edge" : "top"
                  },
                  "to" : {
                    "object" : "slike",
                    "edge" : "bottom"
                  },
                  "expectedDistance" : "160px",
                  "realDistance" : "160px"
                } ],
                "highlight" : [ "slike" ]
              } ]
            }, {
              "name" : "grid",
              "specs" : [ {
                "status" : "info",
                "place" : {
                  "filePath" : "mobilePocetna.gspec",
                  "lineNumber" : 18
                },
                "name" : "css display is \"grid\"",
                "highlight" : [ "grid" ]
              } ]
            } ]
          } ],
          "objects" : {
            "lista" : {
              "area" : [ 18, 81, 548, 26 ]
            },
            "grid" : {
              "area" : [ 18, 264, 538, 1710 ]
            },
            "slike" : {
              "area" : [ 28, 274, 240, 160 ]
            }
          },
          "screenshot" : "layout-1-screenshot.png",
          "type" : "layout"
        } ],
        "time" : 1573657075850,
        "type" : "node"
      } ],
      "time" : 1573657068905,
      "type" : "node"
    } ]
  }
}