{ 
  "periodicna": [
    {
      "dan": "0",
      "semestar": "zimski",
      "pocetak": "12:00",
      "kraj": "14:00",
      "naziv": "Test 1",
      "predavac": "Test 1"
    },
    {
      "dan": "1",
      "semestar": "zimski",
      "pocetak": "12:00",
      "kraj": "14:00",
      "naziv": "Test 2",
      "predavac": "Test 2"
    },
    {
      "dan": "2",
      "semestar": "zimski",
      "pocetak": "13:00",
      "kraj": "16:00",
      "naziv": "Test 2",
      "predavac": "Test 2"
    }
  ], 
  "vanredna": [
    {
      "datum": "14.11.2019",
      "pocetak": "14:30",
      "kraj": "15:50",
      "naziv": "test",
      "predavac": "test"            
  }
  ]
}