{
  "testId" : "1-mobileunos.gspec",
  "name" : "mobileUnos.gspec",
  "report" : {
    "nodes" : [ {
      "name" : "Mutation test",
      "status" : "info",
      "nodes" : [ {
        "name" : "check  mobileUnos.gspec --url http://localhost/unos.html --size 590x768 --offset 5 --htmlreport mutation-report-Mobile-Unos",
        "status" : "info",
        "nodes" : [ {
          "name" : "Check layout: mobileUnos.gspec included tags: ",
          "status" : "info",
          "time" : 1573658223430,
          "sections" : [ {
            "name" : "Meni section",
            "place" : {
              "filePath" : "mobileUnos.gspec",
              "lineNumber" : 10
            },
            "objects" : [ {
              "name" : "lista",
              "specs" : [ {
                "status" : "info",
                "place" : {
                  "filePath" : "mobileUnos.gspec",
                  "lineNumber" : 12
                },
                "name" : "css display is \"block\"",
                "highlight" : [ "lista" ]
              } ]
            }, {
              "name" : "labela",
              "specs" : [ {
                "status" : "info",
                "place" : {
                  "filePath" : "mobileUnos.gspec",
                  "lineNumber" : 14
                },
                "name" : "css display is \"block\"",
                "highlight" : [ "labela" ]
              } ]
            } ]
          } ],
          "objects" : {
            "lista" : {
              "area" : [ 18, 81, 564, 26 ]
            },
            "labela" : {
              "area" : [ 18, 264, 100, 19 ]
            }
          },
          "screenshot" : "layout-1-screenshot.png",
          "type" : "layout"
        }, {
          "name" : "Mutation testing: mobileUnos.gspec included tags: ",
          "status" : "info",
          "time" : 1573658223430,
          "mutationReport" : {
            "objectMutationStatistics" : {
              "lista" : {
                "passed" : 10,
                "failed" : 0,
                "failedMutations" : [ ]
              },
              "labela" : {
                "passed" : 10,
                "failed" : 0,
                "failedMutations" : [ ]
              }
            },
            "totalPassed" : 20,
            "totalFailed" : 0,
            "totalMutations" : 20,
            "failedRatio" : 0.0
          },
          "type" : "mutation"
        } ],
        "time" : 1573658221532,
        "type" : "node"
      } ],
      "time" : 1573658214833,
      "type" : "node"
    } ]
  }
}