{
  "testId" : "1-unos.gspec",
  "name" : "unos.gspec",
  "report" : {
    "nodes" : [ {
      "name" : "Simple check",
      "status" : "info",
      "nodes" : [ {
        "name" : "check  unos.gspec --url http://localhost/unos.html --size 1024x768 --htmlreport unos",
        "status" : "info",
        "nodes" : [ {
          "name" : "Check layout: unos.gspec included tags: ",
          "status" : "info",
          "time" : 1573669067396,
          "sections" : [ {
            "name" : "Main section",
            "place" : {
              "filePath" : "unos.gspec",
              "lineNumber" : 24
            },
            "objects" : [ {
              "name" : "meni",
              "specs" : [ {
                "status" : "info",
                "place" : {
                  "filePath" : "unos.gspec",
                  "lineNumber" : 26
                },
                "name" : "above sadrzaj",
                "meta" : [ {
                  "from" : {
                    "object" : "meni",
                    "edge" : "bottom"
                  },
                  "to" : {
                    "object" : "sadrzaj",
                    "edge" : "top"
                  },
                  "expectedDistance" : ">= 0px",
                  "realDistance" : "10px"
                } ],
                "highlight" : [ "meni", "sadrzaj" ]
              }, {
                "status" : "info",
                "place" : {
                  "filePath" : "unos.gspec",
                  "lineNumber" : 27
                },
                "name" : "width = 100 % of meni/width",
                "meta" : [ {
                  "from" : {
                    "object" : "meni",
                    "edge" : "left"
                  },
                  "to" : {
                    "object" : "meni",
                    "edge" : "right"
                  },
                  "expectedDistance" : "100% [604px]",
                  "realDistance" : "100% [604px]"
                } ],
                "highlight" : [ "meni" ]
              }, {
                "status" : "info",
                "place" : {
                  "filePath" : "unos.gspec",
                  "lineNumber" : 28
                },
                "name" : "height 110 to 120px",
                "meta" : [ {
                  "from" : {
                    "object" : "meni",
                    "edge" : "top"
                  },
                  "to" : {
                    "object" : "meni",
                    "edge" : "bottom"
                  },
                  "expectedDistance" : "110 to 120px",
                  "realDistance" : "120px"
                } ],
                "highlight" : [ "meni" ]
              } ]
            }, {
              "name" : "sadrzaj",
              "specs" : [ {
                "status" : "info",
                "place" : {
                  "filePath" : "unos.gspec",
                  "lineNumber" : 31
                },
                "name" : "below meni 10 to 20 px",
                "meta" : [ {
                  "from" : {
                    "object" : "sadrzaj",
                    "edge" : "top"
                  },
                  "to" : {
                    "object" : "meni",
                    "edge" : "bottom"
                  },
                  "expectedDistance" : "10 to 20px",
                  "realDistance" : "10px"
                } ],
                "highlight" : [ "sadrzaj", "meni" ]
              }, {
                "status" : "info",
                "place" : {
                  "filePath" : "unos.gspec",
                  "lineNumber" : 32
                },
                "name" : "contains labela, input1, input2,input3, input4",
                "highlight" : [ "sadrzaj", "labela", "input1", "input2", "input3", "input4" ]
              } ]
            }, {
              "name" : "input1",
              "specs" : [ {
                "status" : "info",
                "place" : {
                  "filePath" : "unos.gspec",
                  "lineNumber" : 35
                },
                "name" : "inside sadrzaj",
                "meta" : [ ],
                "highlight" : [ "input1", "sadrzaj" ]
              }, {
                "status" : "info",
                "place" : {
                  "filePath" : "unos.gspec",
                  "lineNumber" : 36
                },
                "name" : "above input2",
                "meta" : [ {
                  "from" : {
                    "object" : "input1",
                    "edge" : "bottom"
                  },
                  "to" : {
                    "object" : "input2",
                    "edge" : "top"
                  },
                  "expectedDistance" : ">= 0px",
                  "realDistance" : "23px"
                } ],
                "highlight" : [ "input1", "input2" ]
              } ]
            }, {
              "name" : "logo",
              "specs" : [ {
                "status" : "info",
                "place" : {
                  "filePath" : "unos.gspec",
                  "lineNumber" : 40
                },
                "name" : "inside partly meni -45px top",
                "meta" : [ {
                  "from" : {
                    "object" : "logo",
                    "edge" : "top"
                  },
                  "to" : {
                    "object" : "meni",
                    "edge" : "top"
                  },
                  "expectedDistance" : "-45px",
                  "realDistance" : "-45px"
                } ],
                "highlight" : [ "logo", "meni" ]
              }, {
                "status" : "info",
                "place" : {
                  "filePath" : "unos.gspec",
                  "lineNumber" : 41
                },
                "name" : "centered horizontally inside meni",
                "highlight" : [ "logo", "meni" ]
              } ]
            }, {
              "name" : "input2",
              "specs" : [ {
                "status" : "info",
                "place" : {
                  "filePath" : "unos.gspec",
                  "lineNumber" : 44
                },
                "name" : "above input3",
                "meta" : [ {
                  "from" : {
                    "object" : "input2",
                    "edge" : "bottom"
                  },
                  "to" : {
                    "object" : "input3",
                    "edge" : "top"
                  },
                  "expectedDistance" : ">= 0px",
                  "realDistance" : "23px"
                } ],
                "highlight" : [ "input2", "input3" ]
              }, {
                "status" : "info",
                "place" : {
                  "filePath" : "unos.gspec",
                  "lineNumber" : 45
                },
                "name" : "below input1",
                "meta" : [ {
                  "from" : {
                    "object" : "input2",
                    "edge" : "top"
                  },
                  "to" : {
                    "object" : "input1",
                    "edge" : "bottom"
                  },
                  "expectedDistance" : ">= 0px",
                  "realDistance" : "23px"
                } ],
                "highlight" : [ "input2", "input1" ]
              } ]
            }, {
              "name" : "input3",
              "specs" : [ {
                "status" : "info",
                "place" : {
                  "filePath" : "unos.gspec",
                  "lineNumber" : 48
                },
                "name" : "above input4",
                "meta" : [ {
                  "from" : {
                    "object" : "input3",
                    "edge" : "bottom"
                  },
                  "to" : {
                    "object" : "input4",
                    "edge" : "top"
                  },
                  "expectedDistance" : ">= 0px",
                  "realDistance" : "53px"
                } ],
                "highlight" : [ "input3", "input4" ]
              }, {
                "status" : "info",
                "place" : {
                  "filePath" : "unos.gspec",
                  "lineNumber" : 49
                },
                "name" : "below input2",
                "meta" : [ {
                  "from" : {
                    "object" : "input3",
                    "edge" : "top"
                  },
                  "to" : {
                    "object" : "input2",
                    "edge" : "bottom"
                  },
                  "expectedDistance" : ">= 0px",
                  "realDistance" : "23px"
                } ],
                "highlight" : [ "input3", "input2" ]
              } ]
            } ]
          } ],
          "objects" : {
            "meni" : {
              "area" : [ 201, 60, 604, 120 ]
            },
            "input4" : {
              "area" : [ 483, 400, 111, 23 ]
            },
            "input3" : {
              "area" : [ 490, 328, 173, 19 ]
            },
            "input2" : {
              "area" : [ 490, 286, 173, 19 ]
            },
            "input1" : {
              "area" : [ 490, 244, 173, 19 ]
            },
            "logo" : {
              "area" : [ 458, 15, 90, 90 ]
            },
            "labela" : {
              "area" : [ 280, 232, 205, 42 ]
            },
            "sadrzaj" : {
              "area" : [ 201, 190, 604, 278 ]
            }
          },
          "screenshot" : "layout-1-screenshot.png",
          "type" : "layout"
        } ],
        "time" : 1573669064148,
        "type" : "node"
      } ],
      "time" : 1573669057429,
      "type" : "node"
    } ]
  }
}